[{"topK": 236, "shrink": 448, "similarity": "dice", "normalize": false}, {"topK": 236, "shrink": 1442, "similarity": "dice", "normalize": true}, {"topK": 1313, "shrink": 862, "similarity": "dice", "normalize": true}, {"topK": 168, "shrink": 572, "similarity": "dice", "normalize": false}, {"topK": 1452, "shrink": 1480, "similarity": "dice", "normalize": true}, {"topK": 1940, "shrink": 2424, "similarity": "dice", "normalize": false}, {"topK": 1196, "shrink": 1445, "similarity": "dice", "normalize": false}, {"topK": 1211, "shrink": 53, "similarity": "dice", "normalize": true}, {"topK": 1845, "shrink": 507, "similarity": "dice", "normalize": false}, {"topK": 731, "shrink": 744, "similarity": "dice", "normalize": false}, {"topK": 599, "shrink": 821, "similarity": "dice", "normalize": true}, {"topK": 1821, "shrink": 2863, "similarity": "dice", "normalize": false}, {"topK": 941, "shrink": 1483, "similarity": "dice", "normalize": true}, {"topK": 1480, "shrink": 2395, "similarity": "dice", "normalize": true}, {"topK": 264, "shrink": 1873, "similarity": "dice", "normalize": true}, {"topK": 1663, "shrink": 368, "similarity": "dice", "normalize": true}, {"topK": 1211, "shrink": 1945, "similarity": "dice", "normalize": true}, {"topK": 1412, "shrink": 1258, "similarity": "dice", "normalize": true}, {"topK": 1175, "shrink": 2312, "similarity": "dice", "normalize": true}, {"topK": 1563, "shrink": 2380, "similarity": "dice", "normalize": true}, {"topK": 710, "shrink": 620, "similarity": "dice", "normalize": false}, {"topK": 1920, "shrink": 1516, "similarity": "dice", "normalize": false}, {"topK": 1602, "shrink": 392, "similarity": "dice", "normalize": true}, {"topK": 1265, "shrink": 383, "similarity": "dice", "normalize": true}, {"topK": 1221, "shrink": 1660, "similarity": "dice", "normalize": true}, {"topK": 1883, "shrink": 789, "similarity": "dice", "normalize": false}, {"topK": 1818, "shrink": 2955, "similarity": "dice", "normalize": false}, {"topK": 57, "shrink": 1613, "similarity": "dice", "normalize": true}, {"topK": 551, "shrink": 1279, "similarity": "dice", "normalize": true}, {"topK": 1450, "shrink": 713, "similarity": "dice", "normalize": false}, {"topK": 1251, "shrink": 186, "similarity": "dice", "normalize": false}, {"topK": 1520, "shrink": 2788, "similarity": "dice", "normalize": false}, {"topK": 1109, "shrink": 1381, "similarity": "dice", "normalize": true}, {"topK": 121, "shrink": 2038, "similarity": "dice", "normalize": true}, {"topK": 503, "shrink": 1933, "similarity": "dice", "normalize": true}, {"topK": 1876, "shrink": 265, "similarity": "dice", "normalize": false}, {"topK": 991, "shrink": 1412, "similarity": "dice", "normalize": false}, {"topK": 956, "shrink": 944, "similarity": "dice", "normalize": false}, {"topK": 1967, "shrink": 2347, "similarity": "dice", "normalize": false}, {"topK": 285, "shrink": 2814, "similarity": "dice", "normalize": false}, {"topK": 1600, "shrink": 1312, "similarity": "dice", "normalize": true}, {"topK": 56, "shrink": 2346, "similarity": "dice", "normalize": true}, {"topK": 124, "shrink": 1555, "similarity": "dice", "normalize": false}, {"topK": 1813, "shrink": 280, "similarity": "dice", "normalize": false}, {"topK": 1285, "shrink": 850, "similarity": "dice", "normalize": true}, {"topK": 869, "shrink": 1002, "similarity": "dice", "normalize": true}, {"topK": 661, "shrink": 1540, "similarity": "dice", "normalize": false}, {"topK": 1696, "shrink": 779, "similarity": "dice", "normalize": false}, {"topK": 1084, "shrink": 865, "similarity": "dice", "normalize": true}, {"topK": 1992, "shrink": 2659, "similarity": "dice", "normalize": true}, {"topK": 1479, "shrink": 140, "similarity": "dice", "normalize": false}, {"topK": 1936, "shrink": 1376, "similarity": "dice", "normalize": false}, {"topK": 117, "shrink": 863, "similarity": "dice", "normalize": false}, {"topK": 1324, "shrink": 1858, "similarity": "dice", "normalize": false}, {"topK": 259, "shrink": 1839, "similarity": "dice", "normalize": false}, {"topK": 936, "shrink": 136, "similarity": "dice", "normalize": false}, {"topK": 1693, "shrink": 1317, "similarity": "dice", "normalize": true}, {"topK": 1830, "shrink": 726, "similarity": "dice", "normalize": false}, {"topK": 1824, "shrink": 212, "similarity": "dice", "normalize": false}, {"topK": 1215, "shrink": 1160, "similarity": "dice", "normalize": true}, {"topK": 387, "shrink": 1710, "similarity": "dice", "normalize": false}, {"topK": 148, "shrink": 1363, "similarity": "dice", "normalize": false}, {"topK": 110, "shrink": 835, "similarity": "dice", "normalize": false}, {"topK": 601, "shrink": 564, "similarity": "dice", "normalize": true}, {"topK": 861, "shrink": 550, "similarity": "dice", "normalize": true}, {"topK": 718, "shrink": 751, "similarity": "dice", "normalize": true}, {"topK": 517, "shrink": 112, "similarity": "dice", "normalize": false}, {"topK": 820, "shrink": 1070, "similarity": "dice", "normalize": true}, {"topK": 1943, "shrink": 76, "similarity": "dice", "normalize": true}, {"topK": 1896, "shrink": 2642, "similarity": "dice", "normalize": false}, {"topK": 542, "shrink": 1725, "similarity": "dice", "normalize": true}, {"topK": 886, "shrink": 908, "similarity": "dice", "normalize": true}, {"topK": 1379, "shrink": 2931, "similarity": "dice", "normalize": false}, {"topK": 206, "shrink": 1219, "similarity": "dice", "normalize": true}, {"topK": 1404, "shrink": 2465, "similarity": "dice", "normalize": false}, {"topK": 481, "shrink": 571, "similarity": "dice", "normalize": true}, {"topK": 846, "shrink": 2364, "similarity": "dice", "normalize": false}, {"topK": 574, "shrink": 843, "similarity": "dice", "normalize": false}, {"topK": 599, "shrink": 2774, "similarity": "dice", "normalize": true}, {"topK": 122, "shrink": 736, "similarity": "dice", "normalize": false}, {"topK": 1644, "shrink": 387, "similarity": "dice", "normalize": true}, {"topK": 1378, "shrink": 2847, "similarity": "dice", "normalize": true}, {"topK": 1980, "shrink": 743, "similarity": "dice", "normalize": false}, {"topK": 1843, "shrink": 1197, "similarity": "dice", "normalize": false}, {"topK": 1104, "shrink": 2699, "similarity": "dice", "normalize": false}, {"topK": 737, "shrink": 1214, "similarity": "dice", "normalize": false}, {"topK": 983, "shrink": 981, "similarity": "dice", "normalize": false}, {"topK": 723, "shrink": 830, "similarity": "dice", "normalize": true}, {"topK": 1265, "shrink": 2449, "similarity": "dice", "normalize": true}, {"topK": 1850, "shrink": 2171, "similarity": "dice", "normalize": false}, {"topK": 1777, "shrink": 1253, "similarity": "dice", "normalize": false}, {"topK": 309, "shrink": 700, "similarity": "dice", "normalize": true}, {"topK": 833, "shrink": 1379, "similarity": "dice", "normalize": false}, {"topK": 1505, "shrink": 2149, "similarity": "dice", "normalize": true}, {"topK": 288, "shrink": 157, "similarity": "dice", "normalize": false}, {"topK": 1578, "shrink": 2605, "similarity": "dice", "normalize": false}, {"topK": 1843, "shrink": 1980, "similarity": "dice", "normalize": false}, {"topK": 1907, "shrink": 2775, "similarity": "dice", "normalize": false}, {"topK": 1364, "shrink": 2682, "similarity": "dice", "normalize": false}, {"topK": 719, "shrink": 885, "similarity": "dice", "normalize": false}, {"topK": 1699, "shrink": 2089, "similarity": "dice", "normalize": true}, {"topK": 929, "shrink": 1992, "similarity": "dice", "normalize": false}, {"topK": 293, "shrink": 2879, "similarity": "dice", "normalize": false}, {"topK": 236, "shrink": 1004, "similarity": "dice", "normalize": true}, {"topK": 1010, "shrink": 2644, "similarity": "dice", "normalize": false}, {"topK": 340, "shrink": 2241, "similarity": "dice", "normalize": false}, {"topK": 590, "shrink": 990, "similarity": "dice", "normalize": false}, {"topK": 806, "shrink": 759, "similarity": "dice", "normalize": true}, {"topK": 1599, "shrink": 315, "similarity": "dice", "normalize": false}, {"topK": 1405, "shrink": 142, "similarity": "dice", "normalize": false}, {"topK": 1148, "shrink": 2782, "similarity": "dice", "normalize": false}, {"topK": 1517, "shrink": 1109, "similarity": "dice", "normalize": true}, {"topK": 287, "shrink": 2809, "similarity": "dice", "normalize": false}, {"topK": 61, "shrink": 1918, "similarity": "dice", "normalize": true}, {"topK": 942, "shrink": 2061, "similarity": "dice", "normalize": false}, {"topK": 259, "shrink": 2998, "similarity": "dice", "normalize": true}, {"topK": 452, "shrink": 1403, "similarity": "dice", "normalize": true}, {"topK": 788, "shrink": 634, "similarity": "dice", "normalize": false}, {"topK": 377, "shrink": 1645, "similarity": "dice", "normalize": false}, {"topK": 1022, "shrink": 982, "similarity": "dice", "normalize": true}, {"topK": 1743, "shrink": 2250, "similarity": "dice", "normalize": false}, {"topK": 1907, "shrink": 551, "similarity": "dice", "normalize": false}, {"topK": 214, "shrink": 562, "similarity": "dice", "normalize": false}, {"topK": 1760, "shrink": 2887, "similarity": "dice", "normalize": true}, {"topK": 1451, "shrink": 2646, "similarity": "dice", "normalize": false}, {"topK": 1566, "shrink": 2227, "similarity": "dice", "normalize": true}, {"topK": 1687, "shrink": 2925, "similarity": "dice", "normalize": true}, {"topK": 56, "shrink": 346, "similarity": "dice", "normalize": false}, {"topK": 1560, "shrink": 1049, "similarity": "dice", "normalize": false}, {"topK": 166, "shrink": 316, "similarity": "dice", "normalize": false}, {"topK": 369, "shrink": 1978, "similarity": "dice", "normalize": false}, {"topK": 1626, "shrink": 1583, "similarity": "dice", "normalize": true}, {"topK": 1135, "shrink": 2588, "similarity": "dice", "normalize": true}, {"topK": 194, "shrink": 2497, "similarity": "dice", "normalize": false}, {"topK": 396, "shrink": 2404, "similarity": "dice", "normalize": false}, {"topK": 975, "shrink": 2559, "similarity": "dice", "normalize": true}, {"topK": 604, "shrink": 1057, "similarity": "dice", "normalize": false}, {"topK": 1404, "shrink": 2227, "similarity": "dice", "normalize": false}, {"topK": 1380, "shrink": 593, "similarity": "dice", "normalize": false}, {"topK": 1301, "shrink": 2149, "similarity": "dice", "normalize": false}, {"topK": 1672, "shrink": 2745, "similarity": "dice", "normalize": false}, {"topK": 1588, "shrink": 2354, "similarity": "dice", "normalize": true}, {"topK": 237, "shrink": 2871, "similarity": "dice", "normalize": false}, {"topK": 356, "shrink": 677, "similarity": "dice", "normalize": false}, {"topK": 1621, "shrink": 868, "similarity": "dice", "normalize": false}, {"topK": 772, "shrink": 570, "similarity": "dice", "normalize": true}, {"topK": 1013, "shrink": 1322, "similarity": "dice", "normalize": false}, {"topK": 1464, "shrink": 1259, "similarity": "dice", "normalize": true}, {"topK": 277, "shrink": 2403, "similarity": "dice", "normalize": true}, {"topK": 1755, "shrink": 1745, "similarity": "dice", "normalize": true}, {"topK": 1979, "shrink": 1700, "similarity": "dice", "normalize": true}, {"topK": 1414, "shrink": 247, "similarity": "dice", "normalize": true}, {"topK": 1246, "shrink": 2841, "similarity": "dice", "normalize": false}, {"topK": 73, "shrink": 1253, "similarity": "dice", "normalize": true}, {"topK": 1570, "shrink": 2854, "similarity": "dice", "normalize": false}, {"topK": 1348, "shrink": 207, "similarity": "dice", "normalize": false}, {"topK": 327, "shrink": 379, "similarity": "dice", "normalize": true}, {"topK": 1332, "shrink": 1215, "similarity": "dice", "normalize": false}, {"topK": 434, "shrink": 846, "similarity": "dice", "normalize": true}, {"topK": 1846, "shrink": 1846, "similarity": "dice", "normalize": false}, {"topK": 832, "shrink": 1711, "similarity": "dice", "normalize": false}, {"topK": 890, "shrink": 562, "similarity": "dice", "normalize": true}, {"topK": 1131, "shrink": 2624, "similarity": "dice", "normalize": false}, {"topK": 477, "shrink": 2862, "similarity": "dice", "normalize": true}, {"topK": 1415, "shrink": 140, "similarity": "dice", "normalize": false}, {"topK": 540, "shrink": 267, "similarity": "dice", "normalize": false}, {"topK": 957, "shrink": 2141, "similarity": "dice", "normalize": false}, {"topK": 1268, "shrink": 1560, "similarity": "dice", "normalize": true}, {"topK": 379, "shrink": 245, "similarity": "dice", "normalize": true}, {"topK": 710, "shrink": 2017, "similarity": "dice", "normalize": false}, {"topK": 1175, "shrink": 1817, "similarity": "dice", "normalize": false}, {"topK": 1286, "shrink": 2588, "similarity": "dice", "normalize": false}, {"topK": 900, "shrink": 1620, "similarity": "dice", "normalize": false}, {"topK": 1292, "shrink": 887, "similarity": "dice", "normalize": true}, {"topK": 175, "shrink": 2621, "similarity": "dice", "normalize": false}, {"topK": 1779, "shrink": 738, "similarity": "dice", "normalize": true}, {"topK": 1652, "shrink": 1549, "similarity": "dice", "normalize": false}, {"topK": 912, "shrink": 72, "similarity": "dice", "normalize": false}, {"topK": 640, "shrink": 2827, "similarity": "dice", "normalize": true}, {"topK": 1368, "shrink": 2764, "similarity": "dice", "normalize": false}, {"topK": 198, "shrink": 1026, "similarity": "dice", "normalize": true}, {"topK": 1708, "shrink": 2351, "similarity": "dice", "normalize": true}, {"topK": 969, "shrink": 1524, "similarity": "dice", "normalize": true}, {"topK": 1650, "shrink": 2598, "similarity": "dice", "normalize": false}, {"topK": 99, "shrink": 1037, "similarity": "dice", "normalize": true}, {"topK": 854, "shrink": 2924, "similarity": "dice", "normalize": false}, {"topK": 219, "shrink": 945, "similarity": "dice", "normalize": true}, {"topK": 401, "shrink": 880, "similarity": "dice", "normalize": false}, {"topK": 1062, "shrink": 2159, "similarity": "dice", "normalize": true}, {"topK": 1116, "shrink": 168, "similarity": "dice", "normalize": true}, {"topK": 1408, "shrink": 170, "similarity": "dice", "normalize": true}, {"topK": 879, "shrink": 144, "similarity": "dice", "normalize": true}, {"topK": 1657, "shrink": 1045, "similarity": "dice", "normalize": false}, {"topK": 1925, "shrink": 87, "similarity": "dice", "normalize": true}, {"topK": 762, "shrink": 2139, "similarity": "dice", "normalize": true}, {"topK": 1206, "shrink": 448, "similarity": "dice", "normalize": false}, {"topK": 1233, "shrink": 687, "similarity": "dice", "normalize": false}, {"topK": 365, "shrink": 2801, "similarity": "dice", "normalize": true}, {"topK": 1606, "shrink": 108, "similarity": "dice", "normalize": false}, {"topK": 1488, "shrink": 2311, "similarity": "dice", "normalize": true}, {"topK": 833, "shrink": 1468, "similarity": "dice", "normalize": false}, {"topK": 1841, "shrink": 2096, "similarity": "dice", "normalize": false}, {"topK": 1914, "shrink": 1181, "similarity": "dice", "normalize": false}, {"topK": 1268, "shrink": 1130, "similarity": "dice", "normalize": true}, {"topK": 1927, "shrink": 1741, "similarity": "dice", "normalize": false}, {"topK": 1143, "shrink": 2732, "similarity": "dice", "normalize": false}, {"topK": 1285, "shrink": 756, "similarity": "dice", "normalize": false}, {"topK": 1060, "shrink": 126, "similarity": "dice", "normalize": false}, {"topK": 758, "shrink": 743, "similarity": "dice", "normalize": true}, {"topK": 1679, "shrink": 1386, "similarity": "dice", "normalize": true}, {"topK": 1314, "shrink": 2438, "similarity": "dice", "normalize": true}, {"topK": 660, "shrink": 214, "similarity": "dice", "normalize": false}, {"topK": 1401, "shrink": 1742, "similarity": "dice", "normalize": false}, {"topK": 237, "shrink": 269, "similarity": "dice", "normalize": true}, {"topK": 1567, "shrink": 693, "similarity": "dice", "normalize": false}, {"topK": 497, "shrink": 2848, "similarity": "dice", "normalize": false}, {"topK": 1914, "shrink": 1246, "similarity": "dice", "normalize": false}, {"topK": 263, "shrink": 1790, "similarity": "dice", "normalize": true}, {"topK": 1881, "shrink": 2613, "similarity": "dice", "normalize": false}, {"topK": 1268, "shrink": 683, "similarity": "dice", "normalize": true}, {"topK": 1615, "shrink": 1016, "similarity": "dice", "normalize": false}, {"topK": 1673, "shrink": 174, "similarity": "dice", "normalize": false}, {"topK": 618, "shrink": 2313, "similarity": "dice", "normalize": false}, {"topK": 914, "shrink": 1319, "similarity": "dice", "normalize": false}, {"topK": 896, "shrink": 164, "similarity": "dice", "normalize": false}, {"topK": 124, "shrink": 2344, "similarity": "dice", "normalize": true}, {"topK": 72, "shrink": 1744, "similarity": "dice", "normalize": false}, {"topK": 1014, "shrink": 125, "similarity": "dice", "normalize": false}, {"topK": 126, "shrink": 1065, "similarity": "dice", "normalize": false}, {"topK": 1035, "shrink": 970, "similarity": "dice", "normalize": true}, {"topK": 1086, "shrink": 1120, "similarity": "dice", "normalize": false}, {"topK": 528, "shrink": 1135, "similarity": "dice", "normalize": true}, {"topK": 1566, "shrink": 1433, "similarity": "dice", "normalize": true}, {"topK": 350, "shrink": 79, "similarity": "dice", "normalize": true}, {"topK": 205, "shrink": 1156, "similarity": "dice", "normalize": true}, {"topK": 1802, "shrink": 2794, "similarity": "dice", "normalize": true}, {"topK": 1427, "shrink": 1696, "similarity": "dice", "normalize": false}, {"topK": 196, "shrink": 388, "similarity": "dice", "normalize": true}, {"topK": 1582, "shrink": 949, "similarity": "dice", "normalize": false}, {"topK": 1388, "shrink": 235, "similarity": "dice", "normalize": false}, {"topK": 1998, "shrink": 2792, "similarity": "dice", "normalize": false}, {"topK": 908, "shrink": 2935, "similarity": "dice", "normalize": false}, {"topK": 230, "shrink": 620, "similarity": "dice", "normalize": true}, {"topK": 676, "shrink": 832, "similarity": "dice", "normalize": false}, {"topK": 365, "shrink": 2425, "similarity": "dice", "normalize": false}, {"topK": 1467, "shrink": 1834, "similarity": "dice", "normalize": false}, {"topK": 1946, "shrink": 1003, "similarity": "dice", "normalize": false}, {"topK": 939, "shrink": 2836, "similarity": "dice", "normalize": false}, {"topK": 249, "shrink": 1174, "similarity": "dice", "normalize": true}, {"topK": 1310, "shrink": 2461, "similarity": "dice", "normalize": false}, {"topK": 681, "shrink": 192, "similarity": "dice", "normalize": false}, {"topK": 679, "shrink": 526, "similarity": "dice", "normalize": true}, {"topK": 370, "shrink": 1451, "similarity": "dice", "normalize": false}, {"topK": 711, "shrink": 2201, "similarity": "dice", "normalize": false}, {"topK": 992, "shrink": 1522, "similarity": "dice", "normalize": false}, {"topK": 138, "shrink": 1679, "similarity": "dice", "normalize": false}, {"topK": 1043, "shrink": 342, "similarity": "dice", "normalize": false}, {"topK": 1649, "shrink": 1646, "similarity": "dice", "normalize": true}, {"topK": 757, "shrink": 1620, "similarity": "dice", "normalize": true}, {"topK": 1974, "shrink": 2449, "similarity": "dice", "normalize": false}, {"topK": 1351, "shrink": 943, "similarity": "dice", "normalize": false}, {"topK": 1597, "shrink": 633, "similarity": "dice", "normalize": true}, {"topK": 1259, "shrink": 2198, "similarity": "dice", "normalize": false}, {"topK": 907, "shrink": 1217, "similarity": "dice", "normalize": true}, {"topK": 1931, "shrink": 2564, "similarity": "dice", "normalize": true}, {"topK": 1007, "shrink": 1875, "similarity": "dice", "normalize": false}, {"topK": 1760, "shrink": 1491, "similarity": "dice", "normalize": false}, {"topK": 1309, "shrink": 2698, "similarity": "dice", "normalize": false}, {"topK": 991, "shrink": 1852, "similarity": "dice", "normalize": false}, {"topK": 1721, "shrink": 2067, "similarity": "dice", "normalize": false}, {"topK": 190, "shrink": 2871, "similarity": "dice", "normalize": false}, {"topK": 1705, "shrink": 263, "similarity": "dice", "normalize": true}, {"topK": 544, "shrink": 752, "similarity": "dice", "normalize": false}, {"topK": 378, "shrink": 501, "similarity": "dice", "normalize": true}, {"topK": 646, "shrink": 375, "similarity": "dice", "normalize": false}, {"topK": 1186, "shrink": 2932, "similarity": "dice", "normalize": false}, {"topK": 1399, "shrink": 2360, "similarity": "dice", "normalize": false}, {"topK": 1379, "shrink": 1221, "similarity": "dice", "normalize": false}, {"topK": 535, "shrink": 2739, "similarity": "dice", "normalize": false}, {"topK": 955, "shrink": 301, "similarity": "dice", "normalize": false}, {"topK": 1381, "shrink": 792, "similarity": "dice", "normalize": true}, {"topK": 1192, "shrink": 2200, "similarity": "dice", "normalize": false}, {"topK": 889, "shrink": 219, "similarity": "dice", "normalize": true}, {"topK": 1071, "shrink": 526, "similarity": "dice", "normalize": false}, {"topK": 118, "shrink": 1853, "similarity": "dice", "normalize": true}, {"topK": 468, "shrink": 2080, "similarity": "dice", "normalize": false}, {"topK": 1000, "shrink": 2658, "similarity": "dice", "normalize": false}, {"topK": 304, "shrink": 2416, "similarity": "dice", "normalize": true}, {"topK": 268, "shrink": 2558, "similarity": "dice", "normalize": false}, {"topK": 1640, "shrink": 61, "similarity": "dice", "normalize": true}, {"topK": 734, "shrink": 2237, "similarity": "dice", "normalize": true}, {"topK": 437, "shrink": 816, "similarity": "dice", "normalize": false}, {"topK": 885, "shrink": 2282, "similarity": "dice", "normalize": true}, {"topK": 78, "shrink": 2265, "similarity": "dice", "normalize": false}, {"topK": 1047, "shrink": 2050, "similarity": "dice", "normalize": true}, {"topK": 1111, "shrink": 1767, "similarity": "dice", "normalize": true}, {"topK": 1164, "shrink": 2677, "similarity": "dice", "normalize": true}, {"topK": 1359, "shrink": 1092, "similarity": "dice", "normalize": true}, {"topK": 1572, "shrink": 109, "similarity": "dice", "normalize": false}, {"topK": 1729, "shrink": 854, "similarity": "dice", "normalize": false}, {"topK": 1410, "shrink": 260, "similarity": "dice", "normalize": false}, {"topK": 312, "shrink": 2697, "similarity": "dice", "normalize": false}, {"topK": 943, "shrink": 1872, "similarity": "dice", "normalize": false}, {"topK": 244, "shrink": 2846, "similarity": "dice", "normalize": true}, {"topK": 1248, "shrink": 2338, "similarity": "dice", "normalize": false}, {"topK": 812, "shrink": 1929, "similarity": "dice", "normalize": false}, {"topK": 1631, "shrink": 1869, "similarity": "dice", "normalize": true}, {"topK": 850, "shrink": 1442, "similarity": "dice", "normalize": false}, {"topK": 1379, "shrink": 2416, "similarity": "dice", "normalize": true}, {"topK": 862, "shrink": 2433, "similarity": "dice", "normalize": true}, {"topK": 935, "shrink": 1778, "similarity": "dice", "normalize": false}, {"topK": 423, "shrink": 2915, "similarity": "dice", "normalize": false}, {"topK": 827, "shrink": 2714, "similarity": "dice", "normalize": false}, {"topK": 1332, "shrink": 85, "similarity": "dice", "normalize": false}, {"topK": 493, "shrink": 1016, "similarity": "dice", "normalize": true}, {"topK": 932, "shrink": 982, "similarity": "dice", "normalize": false}, {"topK": 1533, "shrink": 1488, "similarity": "dice", "normalize": false}, {"topK": 1439, "shrink": 1947, "similarity": "dice", "normalize": false}, {"topK": 1352, "shrink": 2893, "similarity": "dice", "normalize": true}, {"topK": 781, "shrink": 1673, "similarity": "dice", "normalize": true}, {"topK": 1670, "shrink": 1870, "similarity": "dice", "normalize": false}, {"topK": 1019, "shrink": 71, "similarity": "dice", "normalize": true}, {"topK": 638, "shrink": 153, "similarity": "dice", "normalize": true}, {"topK": 1862, "shrink": 2734, "similarity": "dice", "normalize": false}, {"topK": 979, "shrink": 1867, "similarity": "dice", "normalize": false}, {"topK": 1586, "shrink": 1491, "similarity": "dice", "normalize": false}, {"topK": 794, "shrink": 139, "similarity": "dice", "normalize": true}, {"topK": 1296, "shrink": 758, "similarity": "dice", "normalize": false}, {"topK": 1411, "shrink": 2848, "similarity": "dice", "normalize": false}, {"topK": 1670, "shrink": 1307, "similarity": "dice", "normalize": true}, {"topK": 712, "shrink": 2476, "similarity": "dice", "normalize": false}, {"topK": 815, "shrink": 1387, "similarity": "dice", "normalize": true}, {"topK": 1407, "shrink": 2096, "similarity": "dice", "normalize": true}, {"topK": 302, "shrink": 1515, "similarity": "dice", "normalize": true}, {"topK": 1294, "shrink": 2815, "similarity": "dice", "normalize": false}, {"topK": 654, "shrink": 2910, "similarity": "dice", "normalize": true}, {"topK": 1160, "shrink": 2423, "similarity": "dice", "normalize": true}, {"topK": 1647, "shrink": 1325, "similarity": "dice", "normalize": false}, {"topK": 311, "shrink": 2691, "similarity": "dice", "normalize": true}, {"topK": 1794, "shrink": 51, "similarity": "dice", "normalize": true}, {"topK": 226, "shrink": 499, "similarity": "dice", "normalize": false}, {"topK": 1057, "shrink": 885, "similarity": "dice", "normalize": false}, {"topK": 1626, "shrink": 431, "similarity": "dice", "normalize": false}, {"topK": 334, "shrink": 283, "similarity": "dice", "normalize": true}, {"topK": 126, "shrink": 1415, "similarity": "dice", "normalize": false}, {"topK": 1376, "shrink": 2844, "similarity": "dice", "normalize": false}, {"topK": 1196, "shrink": 1490, "similarity": "dice", "normalize": false}, {"topK": 867, "shrink": 1999, "similarity": "dice", "normalize": false}, {"topK": 1660, "shrink": 1049, "similarity": "dice", "normalize": true}, {"topK": 893, "shrink": 2884, "similarity": "dice", "normalize": false}, {"topK": 689, "shrink": 288, "similarity": "dice", "normalize": true}, {"topK": 839, "shrink": 1397, "similarity": "dice", "normalize": false}, {"topK": 840, "shrink": 861, "similarity": "dice", "normalize": false}, {"topK": 1940, "shrink": 924, "similarity": "dice", "normalize": true}, {"topK": 978, "shrink": 2736, "similarity": "dice", "normalize": false}, {"topK": 727, "shrink": 200, "similarity": "dice", "normalize": false}, {"topK": 541, "shrink": 1044, "similarity": "dice", "normalize": true}, {"topK": 460, "shrink": 267, "similarity": "dice", "normalize": false}, {"topK": 1940, "shrink": 2578, "similarity": "dice", "normalize": false}, {"topK": 1698, "shrink": 1875, "similarity": "dice", "normalize": false}, {"topK": 541, "shrink": 222, "similarity": "dice", "normalize": true}, {"topK": 919, "shrink": 626, "similarity": "dice", "normalize": false}, {"topK": 1459, "shrink": 1694, "similarity": "dice", "normalize": false}, {"topK": 1006, "shrink": 1118, "similarity": "dice", "normalize": true}, {"topK": 558, "shrink": 93, "similarity": "dice", "normalize": false}, {"topK": 53, "shrink": 650, "similarity": "dice", "normalize": false}, {"topK": 1873, "shrink": 2430, "similarity": "dice", "normalize": false}, {"topK": 539, "shrink": 2553, "similarity": "dice", "normalize": false}, {"topK": 1288, "shrink": 1605, "similarity": "dice", "normalize": false}, {"topK": 411, "shrink": 1402, "similarity": "dice", "normalize": false}, {"topK": 591, "shrink": 2034, "similarity": "dice", "normalize": true}, {"topK": 915, "shrink": 2218, "similarity": "dice", "normalize": false}, {"topK": 1221, "shrink": 1217, "similarity": "dice", "normalize": false}, {"topK": 1948, "shrink": 2854, "similarity": "dice", "normalize": false}, {"topK": 51, "shrink": 1407, "similarity": "dice", "normalize": true}, {"topK": 405, "shrink": 2060, "similarity": "dice", "normalize": true}, {"topK": 1015, "shrink": 2035, "similarity": "dice", "normalize": false}, {"topK": 775, "shrink": 589, "similarity": "dice", "normalize": true}, {"topK": 777, "shrink": 1991, "similarity": "dice", "normalize": true}, {"topK": 566, "shrink": 811, "similarity": "dice", "normalize": true}, {"topK": 1281, "shrink": 675, "similarity": "dice", "normalize": false}, {"topK": 1909, "shrink": 270, "similarity": "dice", "normalize": false}, {"topK": 1292, "shrink": 1087, "similarity": "dice", "normalize": true}, {"topK": 1024, "shrink": 626, "similarity": "dice", "normalize": true}, {"topK": 1701, "shrink": 1235, "similarity": "dice", "normalize": false}, {"topK": 603, "shrink": 1572, "similarity": "dice", "normalize": false}, {"topK": 1504, "shrink": 1019, "similarity": "dice", "normalize": true}, {"topK": 228, "shrink": 1235, "similarity": "dice", "normalize": true}, {"topK": 1929, "shrink": 2396, "similarity": "dice", "normalize": true}, {"topK": 1705, "shrink": 1629, "similarity": "dice", "normalize": false}, {"topK": 810, "shrink": 1256, "similarity": "dice", "normalize": false}, {"topK": 1672, "shrink": 2366, "similarity": "dice", "normalize": true}, {"topK": 1591, "shrink": 1527, "similarity": "dice", "normalize": true}, {"topK": 1490, "shrink": 1878, "similarity": "dice", "normalize": true}, {"topK": 1557, "shrink": 919, "similarity": "dice", "normalize": false}, {"topK": 1732, "shrink": 1488, "similarity": "dice", "normalize": false}, {"topK": 1958, "shrink": 2472, "similarity": "dice", "normalize": false}, {"topK": 341, "shrink": 2825, "similarity": "dice", "normalize": true}, {"topK": 472, "shrink": 895, "similarity": "dice", "normalize": true}, {"topK": 995, "shrink": 1557, "similarity": "dice", "normalize": true}, {"topK": 766, "shrink": 2720, "similarity": "dice", "normalize": true}, {"topK": 319, "shrink": 1599, "similarity": "dice", "normalize": false}, {"topK": 418, "shrink": 1075, "similarity": "dice", "normalize": true}, {"topK": 704, "shrink": 1793, "similarity": "dice", "normalize": false}, {"topK": 231, "shrink": 1181, "similarity": "dice", "normalize": true}, {"topK": 1275, "shrink": 2556, "similarity": "dice", "normalize": false}, {"topK": 511, "shrink": 1403, "similarity": "dice", "normalize": false}, {"topK": 1250, "shrink": 1534, "similarity": "dice", "normalize": false}, {"topK": 97, "shrink": 2957, "similarity": "dice", "normalize": true}, {"topK": 1881, "shrink": 1493, "similarity": "dice", "normalize": true}, {"topK": 1438, "shrink": 1843, "similarity": "dice", "normalize": false}, {"topK": 215, "shrink": 591, "similarity": "dice", "normalize": true}, {"topK": 165, "shrink": 1455, "similarity": "dice", "normalize": true}, {"topK": 1351, "shrink": 1145, "similarity": "dice", "normalize": false}, {"topK": 972, "shrink": 1066, "similarity": "dice", "normalize": false}, {"topK": 238, "shrink": 308, "similarity": "dice", "normalize": false}, {"topK": 1612, "shrink": 211, "similarity": "dice", "normalize": true}, {"topK": 1665, "shrink": 2626, "similarity": "dice", "normalize": false}, {"topK": 478, "shrink": 2285, "similarity": "dice", "normalize": true}, {"topK": 790, "shrink": 1073, "similarity": "dice", "normalize": true}, {"topK": 638, "shrink": 287, "similarity": "dice", "normalize": true}, {"topK": 858, "shrink": 2429, "similarity": "dice", "normalize": true}, {"topK": 426, "shrink": 78, "similarity": "dice", "normalize": false}, {"topK": 348, "shrink": 107, "similarity": "dice", "normalize": true}, {"topK": 1806, "shrink": 1884, "similarity": "dice", "normalize": true}, {"topK": 1442, "shrink": 2628, "similarity": "dice", "normalize": true}, {"topK": 1507, "shrink": 2164, "similarity": "dice", "normalize": true}, {"topK": 1234, "shrink": 1525, "similarity": "dice", "normalize": true}, {"topK": 197, "shrink": 1631, "similarity": "dice", "normalize": false}, {"topK": 1745, "shrink": 1115, "similarity": "dice", "normalize": true}, {"topK": 596, "shrink": 705, "similarity": "dice", "normalize": false}, {"topK": 452, "shrink": 1532, "similarity": "dice", "normalize": true}, {"topK": 1935, "shrink": 2228, "similarity": "dice", "normalize": true}, {"topK": 213, "shrink": 640, "similarity": "dice", "normalize": false}, {"topK": 716, "shrink": 1076, "similarity": "dice", "normalize": true}, {"topK": 1620, "shrink": 576, "similarity": "dice", "normalize": true}, {"topK": 1649, "shrink": 2404, "similarity": "dice", "normalize": true}, {"topK": 1971, "shrink": 1346, "similarity": "dice", "normalize": true}, {"topK": 1622, "shrink": 1995, "similarity": "dice", "normalize": true}, {"topK": 752, "shrink": 1388, "similarity": "dice", "normalize": false}, {"topK": 393, "shrink": 195, "similarity": "dice", "normalize": true}, {"topK": 1568, "shrink": 470, "similarity": "dice", "normalize": true}, {"topK": 299, "shrink": 59, "similarity": "dice", "normalize": true}, {"topK": 172, "shrink": 693, "similarity": "dice", "normalize": false}, {"topK": 1654, "shrink": 1707, "similarity": "dice", "normalize": true}, {"topK": 955, "shrink": 739, "similarity": "dice", "normalize": false}, {"topK": 965, "shrink": 1805, "similarity": "dice", "normalize": false}, {"topK": 674, "shrink": 676, "similarity": "dice", "normalize": false}, {"topK": 144, "shrink": 1881, "similarity": "dice", "normalize": false}, {"topK": 1075, "shrink": 1656, "similarity": "dice", "normalize": false}, {"topK": 1662, "shrink": 1607, "similarity": "dice", "normalize": true}, {"topK": 964, "shrink": 2525, "similarity": "dice", "normalize": false}, {"topK": 557, "shrink": 862, "similarity": "dice", "normalize": true}, {"topK": 327, "shrink": 2593, "similarity": "dice", "normalize": true}, {"topK": 1073, "shrink": 1630, "similarity": "dice", "normalize": false}, {"topK": 576, "shrink": 2981, "similarity": "dice", "normalize": false}, {"topK": 537, "shrink": 2279, "similarity": "dice", "normalize": true}, {"topK": 185, "shrink": 1336, "similarity": "dice", "normalize": true}, {"topK": 1353, "shrink": 1507, "similarity": "dice", "normalize": false}, {"topK": 1614, "shrink": 958, "similarity": "dice", "normalize": true}, {"topK": 171, "shrink": 1364, "similarity": "dice", "normalize": true}, {"topK": 235, "shrink": 504, "similarity": "dice", "normalize": false}, {"topK": 1540, "shrink": 96, "similarity": "dice", "normalize": true}, {"topK": 940, "shrink": 1556, "similarity": "dice", "normalize": false}, {"topK": 429, "shrink": 1723, "similarity": "dice", "normalize": true}, {"topK": 1852, "shrink": 2894, "similarity": "dice", "normalize": true}, {"topK": 1088, "shrink": 1237, "similarity": "dice", "normalize": true}, {"topK": 1629, "shrink": 2116, "similarity": "dice", "normalize": false}, {"topK": 1933, "shrink": 776, "similarity": "dice", "normalize": true}, {"topK": 1969, "shrink": 554, "similarity": "dice", "normalize": true}, {"topK": 1753, "shrink": 1576, "similarity": "dice", "normalize": true}, {"topK": 1133, "shrink": 1286, "similarity": "dice", "normalize": false}, {"topK": 94, "shrink": 720, "similarity": "dice", "normalize": true}, {"topK": 1556, "shrink": 2837, "similarity": "dice", "normalize": false}, {"topK": 1764, "shrink": 77, "similarity": "dice", "normalize": true}, {"topK": 1501, "shrink": 808, "similarity": "dice", "normalize": false}, {"topK": 203, "shrink": 2619, "similarity": "dice", "normalize": false}, {"topK": 1307, "shrink": 2383, "similarity": "dice", "normalize": false}, {"topK": 1130, "shrink": 1758, "similarity": "dice", "normalize": false}, {"topK": 1202, "shrink": 92, "similarity": "dice", "normalize": false}, {"topK": 160, "shrink": 2992, "similarity": "dice", "normalize": true}, {"topK": 1254, "shrink": 2989, "similarity": "dice", "normalize": true}, {"topK": 904, "shrink": 2661, "similarity": "dice", "normalize": true}, {"topK": 1594, "shrink": 2665, "similarity": "dice", "normalize": true}, {"topK": 1086, "shrink": 1290, "similarity": "dice", "normalize": true}, {"topK": 1010, "shrink": 2282, "similarity": "dice", "normalize": false}, {"topK": 552, "shrink": 1423, "similarity": "dice", "normalize": false}, {"topK": 1081, "shrink": 307, "similarity": "dice", "normalize": false}, {"topK": 1204, "shrink": 1912, "similarity": "dice", "normalize": false}, {"topK": 1897, "shrink": 2415, "similarity": "dice", "normalize": true}, {"topK": 677, "shrink": 340, "similarity": "dice", "normalize": true}, {"topK": 666, "shrink": 2517, "similarity": "dice", "normalize": true}, {"topK": 1964, "shrink": 123, "similarity": "dice", "normalize": false}, {"topK": 353, "shrink": 2547, "similarity": "dice", "normalize": true}, {"topK": 1374, "shrink": 1159, "similarity": "dice", "normalize": false}, {"topK": 1506, "shrink": 2537, "similarity": "dice", "normalize": true}, {"topK": 895, "shrink": 1012, "similarity": "dice", "normalize": true}, {"topK": 1120, "shrink": 577, "similarity": "dice", "normalize": false}, {"topK": 331, "shrink": 1117, "similarity": "dice", "normalize": true}, {"topK": 1315, "shrink": 1769, "similarity": "dice", "normalize": true}, {"topK": 200, "shrink": 2842, "similarity": "dice", "normalize": false}, {"topK": 1661, "shrink": 2847, "similarity": "dice", "normalize": false}, {"topK": 1734, "shrink": 1302, "similarity": "dice", "normalize": false}, {"topK": 503, "shrink": 381, "similarity": "dice", "normalize": false}, {"topK": 1676, "shrink": 1288, "similarity": "dice", "normalize": true}, {"topK": 480, "shrink": 1967, "similarity": "dice", "normalize": false}, {"topK": 101, "shrink": 2502, "similarity": "dice", "normalize": true}, {"topK": 1380, "shrink": 1458, "similarity": "dice", "normalize": false}, {"topK": 1951, "shrink": 1364, "similarity": "dice", "normalize": false}, {"topK": 1253, "shrink": 2143, "similarity": "dice", "normalize": true}, {"topK": 1769, "shrink": 1677, "similarity": "dice", "normalize": true}, {"topK": 738, "shrink": 1984, "similarity": "dice", "normalize": true}, {"topK": 1643, "shrink": 94, "similarity": "dice", "normalize": true}, {"topK": 1473, "shrink": 1790, "similarity": "dice", "normalize": true}, {"topK": 1054, "shrink": 722, "similarity": "dice", "normalize": false}, {"topK": 216, "shrink": 2520, "similarity": "dice", "normalize": true}, {"topK": 917, "shrink": 2391, "similarity": "dice", "normalize": false}, {"topK": 1396, "shrink": 928, "similarity": "dice", "normalize": true}, {"topK": 1471, "shrink": 877, "similarity": "dice", "normalize": false}, {"topK": 1613, "shrink": 1577, "similarity": "dice", "normalize": false}, {"topK": 1667, "shrink": 1514, "similarity": "dice", "normalize": true}, {"topK": 183, "shrink": 1156, "similarity": "dice", "normalize": true}, {"topK": 950, "shrink": 783, "similarity": "dice", "normalize": false}, {"topK": 1433, "shrink": 1567, "similarity": "dice", "normalize": false}, {"topK": 149, "shrink": 1573, "similarity": "dice", "normalize": false}, {"topK": 1781, "shrink": 1009, "similarity": "dice", "normalize": true}, {"topK": 50, "shrink": 846, "similarity": "dice", "normalize": false}, {"topK": 835, "shrink": 408, "similarity": "dice", "normalize": false}, {"topK": 72, "shrink": 1094, "similarity": "dice", "normalize": false}, {"topK": 81, "shrink": 2023, "similarity": "dice", "normalize": false}, {"topK": 1396, "shrink": 81, "similarity": "dice", "normalize": false}, {"topK": 1117, "shrink": 1022, "similarity": "dice", "normalize": true}, {"topK": 1553, "shrink": 880, "similarity": "dice", "normalize": true}, {"topK": 1506, "shrink": 2008, "similarity": "dice", "normalize": false}, {"topK": 1328, "shrink": 645, "similarity": "dice", "normalize": false}, {"topK": 1120, "shrink": 764, "similarity": "dice", "normalize": false}, {"topK": 1719, "shrink": 1303, "similarity": "dice", "normalize": false}, {"topK": 1074, "shrink": 727, "similarity": "dice", "normalize": false}, {"topK": 1638, "shrink": 490, "similarity": "dice", "normalize": true}, {"topK": 1342, "shrink": 1222, "similarity": "dice", "normalize": true}, {"topK": 349, "shrink": 1880, "similarity": "dice", "normalize": false}, {"topK": 1965, "shrink": 2749, "similarity": "dice", "normalize": false}, {"topK": 262, "shrink": 2256, "similarity": "dice", "normalize": true}, {"topK": 1994, "shrink": 2623, "similarity": "dice", "normalize": true}, {"topK": 1961, "shrink": 1251, "similarity": "dice", "normalize": true}, {"topK": 74, "shrink": 1913, "similarity": "dice", "normalize": true}, {"topK": 501, "shrink": 2644, "similarity": "dice", "normalize": false}, {"topK": 588, "shrink": 863, "similarity": "dice", "normalize": true}, {"topK": 1829, "shrink": 664, "similarity": "dice", "normalize": false}, {"topK": 1276, "shrink": 2199, "similarity": "dice", "normalize": true}, {"topK": 79, "shrink": 778, "similarity": "dice", "normalize": true}, {"topK": 130, "shrink": 610, "similarity": "dice", "normalize": true}, {"topK": 715, "shrink": 2511, "similarity": "dice", "normalize": false}, {"topK": 1248, "shrink": 543, "similarity": "dice", "normalize": true}, {"topK": 319, "shrink": 198, "similarity": "dice", "normalize": true}, {"topK": 1775, "shrink": 2255, "similarity": "dice", "normalize": true}, {"topK": 1913, "shrink": 2604, "similarity": "dice", "normalize": false}, {"topK": 1400, "shrink": 2923, "similarity": "dice", "normalize": true}, {"topK": 605, "shrink": 225, "similarity": "dice", "normalize": true}, {"topK": 940, "shrink": 444, "similarity": "dice", "normalize": false}, {"topK": 1664, "shrink": 2927, "similarity": "dice", "normalize": true}, {"topK": 374, "shrink": 1766, "similarity": "dice", "normalize": false}, {"topK": 729, "shrink": 2042, "similarity": "dice", "normalize": true}, {"topK": 1230, "shrink": 1927, "similarity": "dice", "normalize": false}, {"topK": 1363, "shrink": 1725, "similarity": "dice", "normalize": true}, {"topK": 1848, "shrink": 2662, "similarity": "dice", "normalize": true}, {"topK": 210, "shrink": 142, "similarity": "dice", "normalize": false}, {"topK": 776, "shrink": 2113, "similarity": "dice", "normalize": false}, {"topK": 711, "shrink": 1591, "similarity": "dice", "normalize": true}, {"topK": 1677, "shrink": 2467, "similarity": "dice", "normalize": true}, {"topK": 1261, "shrink": 1371, "similarity": "dice", "normalize": false}, {"topK": 1944, "shrink": 1459, "similarity": "dice", "normalize": false}, {"topK": 1757, "shrink": 1105, "similarity": "dice", "normalize": false}, {"topK": 1166, "shrink": 1923, "similarity": "dice", "normalize": true}, {"topK": 1946, "shrink": 1099, "similarity": "dice", "normalize": true}, {"topK": 1432, "shrink": 522, "similarity": "dice", "normalize": false}, {"topK": 524, "shrink": 2596, "similarity": "dice", "normalize": true}, {"topK": 1374, "shrink": 99, "similarity": "dice", "normalize": true}, {"topK": 1802, "shrink": 2150, "similarity": "dice", "normalize": true}, {"topK": 1898, "shrink": 2117, "similarity": "dice", "normalize": true}, {"topK": 1415, "shrink": 828, "similarity": "dice", "normalize": false}, {"topK": 1352, "shrink": 1377, "similarity": "dice", "normalize": false}, {"topK": 1991, "shrink": 563, "similarity": "dice", "normalize": true}, {"topK": 1970, "shrink": 63, "similarity": "dice", "normalize": true}, {"topK": 819, "shrink": 393, "similarity": "dice", "normalize": false}, {"topK": 1472, "shrink": 171, "similarity": "dice", "normalize": false}, {"topK": 1183, "shrink": 2602, "similarity": "dice", "normalize": true}, {"topK": 1240, "shrink": 1549, "similarity": "dice", "normalize": true}, {"topK": 1799, "shrink": 2999, "similarity": "dice", "normalize": false}, {"topK": 1373, "shrink": 1192, "similarity": "dice", "normalize": false}, {"topK": 61, "shrink": 1962, "similarity": "dice", "normalize": true}, {"topK": 1424, "shrink": 2160, "similarity": "dice", "normalize": false}, {"topK": 1439, "shrink": 2276, "similarity": "dice", "normalize": false}, {"topK": 1656, "shrink": 516, "similarity": "dice", "normalize": false}, {"topK": 601, "shrink": 1762, "similarity": "dice", "normalize": false}, {"topK": 301, "shrink": 372, "similarity": "dice", "normalize": false}, {"topK": 1161, "shrink": 1207, "similarity": "dice", "normalize": false}, {"topK": 1146, "shrink": 2663, "similarity": "dice", "normalize": true}, {"topK": 1930, "shrink": 2071, "similarity": "dice", "normalize": true}, {"topK": 645, "shrink": 2368, "similarity": "dice", "normalize": true}, {"topK": 1623, "shrink": 933, "similarity": "dice", "normalize": true}, {"topK": 1247, "shrink": 1940, "similarity": "dice", "normalize": true}, {"topK": 892, "shrink": 1150, "similarity": "dice", "normalize": true}, {"topK": 1203, "shrink": 245, "similarity": "dice", "normalize": false}, {"topK": 891, "shrink": 877, "similarity": "dice", "normalize": true}, {"topK": 757, "shrink": 2336, "similarity": "dice", "normalize": false}, {"topK": 121, "shrink": 1683, "similarity": "dice", "normalize": false}, {"topK": 676, "shrink": 700, "similarity": "dice", "normalize": false}, {"topK": 543, "shrink": 1986, "similarity": "dice", "normalize": true}, {"topK": 319, "shrink": 1178, "similarity": "dice", "normalize": false}, {"topK": 1665, "shrink": 2124, "similarity": "dice", "normalize": false}, {"topK": 1859, "shrink": 2314, "similarity": "dice", "normalize": true}, {"topK": 1092, "shrink": 1004, "similarity": "dice", "normalize": true}, {"topK": 1775, "shrink": 805, "similarity": "dice", "normalize": true}, {"topK": 1712, "shrink": 2510, "similarity": "dice", "normalize": false}, {"topK": 1905, "shrink": 1901, "similarity": "dice", "normalize": false}, {"topK": 1039, "shrink": 1530, "similarity": "dice", "normalize": true}, {"topK": 1827, "shrink": 1506, "similarity": "dice", "normalize": false}, {"topK": 1976, "shrink": 863, "similarity": "dice", "normalize": false}, {"topK": 1407, "shrink": 2388, "similarity": "dice", "normalize": true}, {"topK": 1431, "shrink": 2089, "similarity": "dice", "normalize": false}, {"topK": 1584, "shrink": 714, "similarity": "dice", "normalize": false}, {"topK": 1726, "shrink": 402, "similarity": "dice", "normalize": false}, {"topK": 1214, "shrink": 1239, "similarity": "dice", "normalize": true}, {"topK": 326, "shrink": 2558, "similarity": "dice", "normalize": false}, {"topK": 1436, "shrink": 526, "similarity": "dice", "normalize": true}, {"topK": 481, "shrink": 738, "similarity": "dice", "normalize": true}, {"topK": 1138, "shrink": 2702, "similarity": "dice", "normalize": true}, {"topK": 1276, "shrink": 1303, "similarity": "dice", "normalize": false}, {"topK": 974, "shrink": 160, "similarity": "dice", "normalize": true}, {"topK": 1961, "shrink": 2609, "similarity": "dice", "normalize": true}, {"topK": 1899, "shrink": 2295, "similarity": "dice", "normalize": false}, {"topK": 688, "shrink": 1229, "similarity": "dice", "normalize": true}, {"topK": 160, "shrink": 2175, "similarity": "dice", "normalize": true}, {"topK": 1310, "shrink": 2029, "similarity": "dice", "normalize": true}, {"topK": 335, "shrink": 298, "similarity": "dice", "normalize": false}, {"topK": 533, "shrink": 292, "similarity": "dice", "normalize": true}, {"topK": 1553, "shrink": 2784, "similarity": "dice", "normalize": true}, {"topK": 1575, "shrink": 2356, "similarity": "dice", "normalize": true}, {"topK": 1311, "shrink": 126, "similarity": "dice", "normalize": false}, {"topK": 1253, "shrink": 2144, "similarity": "dice", "normalize": true}, {"topK": 684, "shrink": 2268, "similarity": "dice", "normalize": false}, {"topK": 1903, "shrink": 2052, "similarity": "dice", "normalize": true}, {"topK": 740, "shrink": 2165, "similarity": "dice", "normalize": false}, {"topK": 1998, "shrink": 1452, "similarity": "dice", "normalize": false}, {"topK": 1011, "shrink": 2477, "similarity": "dice", "normalize": true}, {"topK": 1092, "shrink": 2682, "similarity": "dice", "normalize": false}, {"topK": 705, "shrink": 412, "similarity": "dice", "normalize": false}, {"topK": 774, "shrink": 1296, "similarity": "dice", "normalize": true}, {"topK": 1017, "shrink": 2113, "similarity": "dice", "normalize": true}, {"topK": 1850, "shrink": 1794, "similarity": "dice", "normalize": false}, {"topK": 1404, "shrink": 2903, "similarity": "dice", "normalize": false}, {"topK": 1158, "shrink": 1766, "similarity": "dice", "normalize": true}, {"topK": 558, "shrink": 206, "similarity": "dice", "normalize": false}, {"topK": 1985, "shrink": 2535, "similarity": "dice", "normalize": false}, {"topK": 1771, "shrink": 1296, "similarity": "dice", "normalize": false}, {"topK": 748, "shrink": 823, "similarity": "dice", "normalize": false}, {"topK": 1207, "shrink": 2596, "similarity": "dice", "normalize": true}, {"topK": 471, "shrink": 2845, "similarity": "dice", "normalize": true}, {"topK": 1999, "shrink": 2155, "similarity": "dice", "normalize": true}, {"topK": 728, "shrink": 968, "similarity": "dice", "normalize": false}, {"topK": 1779, "shrink": 2405, "similarity": "dice", "normalize": false}, {"topK": 1683, "shrink": 716, "similarity": "dice", "normalize": false}, {"topK": 267, "shrink": 2662, "similarity": "dice", "normalize": false}, {"topK": 1944, "shrink": 2734, "similarity": "dice", "normalize": false}, {"topK": 1964, "shrink": 2231, "similarity": "dice", "normalize": false}, {"topK": 1050, "shrink": 1695, "similarity": "dice", "normalize": false}, {"topK": 912, "shrink": 1974, "similarity": "dice", "normalize": false}, {"topK": 671, "shrink": 2447, "similarity": "dice", "normalize": false}, {"topK": 868, "shrink": 1894, "similarity": "dice", "normalize": false}, {"topK": 473, "shrink": 436, "similarity": "dice", "normalize": false}, {"topK": 1063, "shrink": 2100, "similarity": "dice", "normalize": true}, {"topK": 297, "shrink": 542, "similarity": "dice", "normalize": false}, {"topK": 1769, "shrink": 1629, "similarity": "dice", "normalize": false}, {"topK": 806, "shrink": 1108, "similarity": "dice", "normalize": true}, {"topK": 579, "shrink": 145, "similarity": "dice", "normalize": false}, {"topK": 1801, "shrink": 902, "similarity": "dice", "normalize": false}, {"topK": 547, "shrink": 1959, "similarity": "dice", "normalize": false}, {"topK": 461, "shrink": 1106, "similarity": "dice", "normalize": true}, {"topK": 1998, "shrink": 348, "similarity": "dice", "normalize": true}, {"topK": 1917, "shrink": 2524, "similarity": "dice", "normalize": true}, {"topK": 1600, "shrink": 1717, "similarity": "dice", "normalize": true}, {"topK": 1362, "shrink": 320, "similarity": "dice", "normalize": true}, {"topK": 578, "shrink": 2182, "similarity": "dice", "normalize": false}, {"topK": 1357, "shrink": 2089, "similarity": "dice", "normalize": true}, {"topK": 815, "shrink": 2868, "similarity": "dice", "normalize": true}, {"topK": 1130, "shrink": 836, "similarity": "dice", "normalize": true}, {"topK": 315, "shrink": 267, "similarity": "dice", "normalize": true}, {"topK": 1331, "shrink": 2401, "similarity": "dice", "normalize": true}, {"topK": 184, "shrink": 2806, "similarity": "dice", "normalize": true}, {"topK": 822, "shrink": 2244, "similarity": "dice", "normalize": true}, {"topK": 1807, "shrink": 56, "similarity": "dice", "normalize": true}, {"topK": 774, "shrink": 967, "similarity": "dice", "normalize": true}, {"topK": 1807, "shrink": 1933, "similarity": "dice", "normalize": false}, {"topK": 1881, "shrink": 2664, "similarity": "dice", "normalize": false}, {"topK": 377, "shrink": 2074, "similarity": "dice", "normalize": false}, {"topK": 529, "shrink": 2604, "similarity": "dice", "normalize": false}, {"topK": 1831, "shrink": 1493, "similarity": "dice", "normalize": true}, {"topK": 787, "shrink": 2513, "similarity": "dice", "normalize": false}, {"topK": 950, "shrink": 1981, "similarity": "dice", "normalize": true}, {"topK": 668, "shrink": 343, "similarity": "dice", "normalize": true}, {"topK": 54, "shrink": 2369, "similarity": "dice", "normalize": true}, {"topK": 1990, "shrink": 1477, "similarity": "dice", "normalize": false}, {"topK": 1815, "shrink": 1927, "similarity": "dice", "normalize": false}, {"topK": 859, "shrink": 2326, "similarity": "dice", "normalize": false}, {"topK": 1245, "shrink": 491, "similarity": "dice", "normalize": false}, {"topK": 1541, "shrink": 1554, "similarity": "dice", "normalize": false}, {"topK": 1883, "shrink": 2389, "similarity": "dice", "normalize": true}, {"topK": 1758, "shrink": 2327, "similarity": "dice", "normalize": false}, {"topK": 230, "shrink": 471, "similarity": "dice", "normalize": true}, {"topK": 1067, "shrink": 1794, "similarity": "dice", "normalize": false}, {"topK": 341, "shrink": 127, "similarity": "dice", "normalize": true}, {"topK": 1350, "shrink": 2350, "similarity": "dice", "normalize": true}, {"topK": 325, "shrink": 848, "similarity": "dice", "normalize": true}, {"topK": 1640, "shrink": 1712, "similarity": "dice", "normalize": true}, {"topK": 1786, "shrink": 1939, "similarity": "dice", "normalize": true}, {"topK": 454, "shrink": 1214, "similarity": "dice", "normalize": false}, {"topK": 1998, "shrink": 1727, "similarity": "dice", "normalize": true}, {"topK": 1327, "shrink": 1263, "similarity": "dice", "normalize": true}, {"topK": 1914, "shrink": 2691, "similarity": "dice", "normalize": true}, {"topK": 916, "shrink": 220, "similarity": "dice", "normalize": false}, {"topK": 1689, "shrink": 2469, "similarity": "dice", "normalize": false}, {"topK": 625, "shrink": 1435, "similarity": "dice", "normalize": false}, {"topK": 1972, "shrink": 2113, "similarity": "dice", "normalize": false}, {"topK": 399, "shrink": 1947, "similarity": "dice", "normalize": false}, {"topK": 1832, "shrink": 2998, "similarity": "dice", "normalize": false}, {"topK": 401, "shrink": 2457, "similarity": "dice", "normalize": true}, {"topK": 622, "shrink": 470, "similarity": "dice", "normalize": false}, {"topK": 120, "shrink": 2621, "similarity": "dice", "normalize": true}, {"topK": 496, "shrink": 893, "similarity": "dice", "normalize": false}, {"topK": 832, "shrink": 1774, "similarity": "dice", "normalize": false}, {"topK": 365, "shrink": 2944, "similarity": "dice", "normalize": false}, {"topK": 183, "shrink": 390, "similarity": "dice", "normalize": false}, {"topK": 1125, "shrink": 2171, "similarity": "dice", "normalize": true}, {"topK": 1847, "shrink": 967, "similarity": "dice", "normalize": false}, {"topK": 1242, "shrink": 2960, "similarity": "dice", "normalize": false}, {"topK": 1349, "shrink": 357, "similarity": "dice", "normalize": true}, {"topK": 1768, "shrink": 736, "similarity": "dice", "normalize": false}, {"topK": 438, "shrink": 422, "similarity": "dice", "normalize": false}, {"topK": 1765, "shrink": 2684, "similarity": "dice", "normalize": true}, {"topK": 938, "shrink": 337, "similarity": "dice", "normalize": false}, {"topK": 1905, "shrink": 433, "similarity": "dice", "normalize": false}, {"topK": 535, "shrink": 2630, "similarity": "dice", "normalize": false}, {"topK": 892, "shrink": 1444, "similarity": "dice", "normalize": false}, {"topK": 944, "shrink": 1965, "similarity": "dice", "normalize": true}, {"topK": 1382, "shrink": 1591, "similarity": "dice", "normalize": false}, {"topK": 1259, "shrink": 2484, "similarity": "dice", "normalize": true}, {"topK": 1388, "shrink": 2844, "similarity": "dice", "normalize": true}, {"topK": 864, "shrink": 1385, "similarity": "dice", "normalize": true}, {"topK": 1636, "shrink": 925, "similarity": "dice", "normalize": false}, {"topK": 153, "shrink": 2265, "similarity": "dice", "normalize": true}, {"topK": 534, "shrink": 124, "similarity": "dice", "normalize": true}, {"topK": 662, "shrink": 257, "similarity": "dice", "normalize": true}, {"topK": 668, "shrink": 727, "similarity": "dice", "normalize": false}, {"topK": 1598, "shrink": 1418, "similarity": "dice", "normalize": false}, {"topK": 1198, "shrink": 1996, "similarity": "dice", "normalize": false}, {"topK": 1920, "shrink": 1512, "similarity": "dice", "normalize": true}, {"topK": 1728, "shrink": 888, "similarity": "dice", "normalize": true}, {"topK": 1299, "shrink": 1714, "similarity": "dice", "normalize": true}, {"topK": 421, "shrink": 1985, "similarity": "dice", "normalize": false}, {"topK": 849, "shrink": 2292, "similarity": "dice", "normalize": false}, {"topK": 1676, "shrink": 913, "similarity": "dice", "normalize": false}, {"topK": 488, "shrink": 2799, "similarity": "dice", "normalize": false}, {"topK": 1038, "shrink": 1750, "similarity": "dice", "normalize": true}, {"topK": 578, "shrink": 2826, "similarity": "dice", "normalize": false}, {"topK": 71, "shrink": 818, "similarity": "dice", "normalize": false}, {"topK": 1593, "shrink": 1175, "similarity": "dice", "normalize": false}, {"topK": 635, "shrink": 1487, "similarity": "dice", "normalize": true}, {"topK": 1132, "shrink": 1503, "similarity": "dice", "normalize": false}, {"topK": 339, "shrink": 943, "similarity": "dice", "normalize": true}, {"topK": 229, "shrink": 339, "similarity": "dice", "normalize": false}, {"topK": 441, "shrink": 1667, "similarity": "dice", "normalize": true}, {"topK": 1868, "shrink": 2169, "similarity": "dice", "normalize": false}, {"topK": 1794, "shrink": 475, "similarity": "dice", "normalize": true}, {"topK": 977, "shrink": 1231, "similarity": "dice", "normalize": false}, {"topK": 1549, "shrink": 2530, "similarity": "dice", "normalize": true}, {"topK": 238, "shrink": 178, "similarity": "dice", "normalize": false}, {"topK": 1920, "shrink": 1550, "similarity": "dice", "normalize": false}, {"topK": 1620, "shrink": 581, "similarity": "dice", "normalize": false}, {"topK": 1181, "shrink": 2538, "similarity": "dice", "normalize": false}, {"topK": 377, "shrink": 2542, "similarity": "dice", "normalize": false}, {"topK": 856, "shrink": 188, "similarity": "dice", "normalize": true}, {"topK": 89, "shrink": 583, "similarity": "dice", "normalize": false}, {"topK": 907, "shrink": 2585, "similarity": "dice", "normalize": true}, {"topK": 931, "shrink": 58, "similarity": "dice", "normalize": true}, {"topK": 1813, "shrink": 2970, "similarity": "dice", "normalize": false}, {"topK": 1781, "shrink": 883, "similarity": "dice", "normalize": true}, {"topK": 1463, "shrink": 2390, "similarity": "dice", "normalize": true}, {"topK": 1704, "shrink": 1344, "similarity": "dice", "normalize": true}, {"topK": 1227, "shrink": 432, "similarity": "dice", "normalize": false}, {"topK": 977, "shrink": 2779, "similarity": "dice", "normalize": false}, {"topK": 961, "shrink": 516, "similarity": "dice", "normalize": false}, {"topK": 1329, "shrink": 2553, "similarity": "dice", "normalize": true}, {"topK": 1922, "shrink": 1945, "similarity": "dice", "normalize": true}, {"topK": 1901, "shrink": 1014, "similarity": "dice", "normalize": false}, {"topK": 1298, "shrink": 2715, "similarity": "dice", "normalize": false}, {"topK": 1510, "shrink": 758, "similarity": "dice", "normalize": true}, {"topK": 1584, "shrink": 487, "similarity": "dice", "normalize": false}, {"topK": 1858, "shrink": 2555, "similarity": "dice", "normalize": false}, {"topK": 1975, "shrink": 870, "similarity": "dice", "normalize": true}, {"topK": 151, "shrink": 2896, "similarity": "dice", "normalize": false}, {"topK": 1468, "shrink": 1450, "similarity": "dice", "normalize": false}, {"topK": 365, "shrink": 2675, "similarity": "dice", "normalize": false}, {"topK": 875, "shrink": 2609, "similarity": "dice", "normalize": false}, {"topK": 1257, "shrink": 2110, "similarity": "dice", "normalize": false}, {"topK": 323, "shrink": 1339, "similarity": "dice", "normalize": false}, {"topK": 79, "shrink": 2481, "similarity": "dice", "normalize": false}, {"topK": 69, "shrink": 596, "similarity": "dice", "normalize": true}, {"topK": 1226, "shrink": 1531, "similarity": "dice", "normalize": true}, {"topK": 924, "shrink": 1698, "similarity": "dice", "normalize": true}, {"topK": 471, "shrink": 1605, "similarity": "dice", "normalize": true}, {"topK": 971, "shrink": 875, "similarity": "dice", "normalize": false}, {"topK": 239, "shrink": 2337, "similarity": "dice", "normalize": true}, {"topK": 1565, "shrink": 3000, "similarity": "dice", "normalize": true}, {"topK": 815, "shrink": 2231, "similarity": "dice", "normalize": false}, {"topK": 231, "shrink": 886, "similarity": "dice", "normalize": true}, {"topK": 959, "shrink": 1256, "similarity": "dice", "normalize": true}, {"topK": 421, "shrink": 2058, "similarity": "dice", "normalize": false}, {"topK": 1804, "shrink": 2195, "similarity": "dice", "normalize": false}, {"topK": 827, "shrink": 1852, "similarity": "dice", "normalize": true}, {"topK": 1402, "shrink": 2253, "similarity": "dice", "normalize": false}, {"topK": 1303, "shrink": 1436, "similarity": "dice", "normalize": false}, {"topK": 58, "shrink": 1822, "similarity": "dice", "normalize": false}, {"topK": 407, "shrink": 1418, "similarity": "dice", "normalize": false}, {"topK": 1216, "shrink": 2094, "similarity": "dice", "normalize": true}, {"topK": 1441, "shrink": 2089, "similarity": "dice", "normalize": true}, {"topK": 1616, "shrink": 2081, "similarity": "dice", "normalize": true}, {"topK": 1609, "shrink": 2675, "similarity": "dice", "normalize": false}, {"topK": 894, "shrink": 1102, "similarity": "dice", "normalize": false}, {"topK": 1596, "shrink": 1341, "similarity": "dice", "normalize": false}, {"topK": 1903, "shrink": 354, "similarity": "dice", "normalize": true}, {"topK": 1229, "shrink": 1118, "similarity": "dice", "normalize": false}, {"topK": 1043, "shrink": 1303, "similarity": "dice", "normalize": false}, {"topK": 1633, "shrink": 1781, "similarity": "dice", "normalize": true}, {"topK": 1054, "shrink": 603, "similarity": "dice", "normalize": false}, {"topK": 681, "shrink": 242, "similarity": "dice", "normalize": false}, {"topK": 155, "shrink": 69, "similarity": "dice", "normalize": false}, {"topK": 1621, "shrink": 2719, "similarity": "dice", "normalize": true}, {"topK": 766, "shrink": 2896, "similarity": "dice", "normalize": false}, {"topK": 1115, "shrink": 1086, "similarity": "dice", "normalize": true}, {"topK": 235, "shrink": 1365, "similarity": "dice", "normalize": true}, {"topK": 301, "shrink": 488, "similarity": "dice", "normalize": true}, {"topK": 1726, "shrink": 1983, "similarity": "dice", "normalize": true}, {"topK": 1679, "shrink": 2940, "similarity": "dice", "normalize": false}, {"topK": 707, "shrink": 2341, "similarity": "dice", "normalize": true}, {"topK": 1789, "shrink": 914, "similarity": "dice", "normalize": true}, {"topK": 213, "shrink": 77, "similarity": "dice", "normalize": true}, {"topK": 265, "shrink": 907, "similarity": "dice", "normalize": false}, {"topK": 1000, "shrink": 2144, "similarity": "dice", "normalize": false}, {"topK": 1389, "shrink": 2132, "similarity": "dice", "normalize": true}, {"topK": 712, "shrink": 1283, "similarity": "dice", "normalize": true}, {"topK": 1791, "shrink": 670, "similarity": "dice", "normalize": true}, {"topK": 550, "shrink": 1502, "similarity": "dice", "normalize": false}, {"topK": 138, "shrink": 1511, "similarity": "dice", "normalize": false}, {"topK": 941, "shrink": 761, "similarity": "dice", "normalize": false}, {"topK": 1835, "shrink": 647, "similarity": "dice", "normalize": false}, {"topK": 1208, "shrink": 700, "similarity": "dice", "normalize": true}, {"topK": 1411, "shrink": 2728, "similarity": "dice", "normalize": true}, {"topK": 1330, "shrink": 61, "similarity": "dice", "normalize": false}, {"topK": 797, "shrink": 2063, "similarity": "dice", "normalize": false}, {"topK": 1327, "shrink": 634, "similarity": "dice", "normalize": true}, {"topK": 65, "shrink": 1668, "similarity": "dice", "normalize": false}, {"topK": 1026, "shrink": 903, "similarity": "dice", "normalize": false}, {"topK": 737, "shrink": 2343, "similarity": "dice", "normalize": false}, {"topK": 958, "shrink": 694, "similarity": "dice", "normalize": true}, {"topK": 261, "shrink": 860, "similarity": "dice", "normalize": true}, {"topK": 1787, "shrink": 2566, "similarity": "dice", "normalize": false}, {"topK": 1812, "shrink": 2945, "similarity": "dice", "normalize": false}, {"topK": 80, "shrink": 392, "similarity": "dice", "normalize": false}, {"topK": 1248, "shrink": 131, "similarity": "dice", "normalize": false}, {"topK": 142, "shrink": 2841, "similarity": "dice", "normalize": true}, {"topK": 84, "shrink": 895, "similarity": "dice", "normalize": true}, {"topK": 363, "shrink": 2918, "similarity": "dice", "normalize": true}, {"topK": 1950, "shrink": 1303, "similarity": "dice", "normalize": true}, {"topK": 701, "shrink": 799, "similarity": "dice", "normalize": true}, {"topK": 995, "shrink": 1058, "similarity": "dice", "normalize": true}, {"topK": 1757, "shrink": 1892, "similarity": "dice", "normalize": true}, {"topK": 1628, "shrink": 506, "similarity": "dice", "normalize": true}, {"topK": 123, "shrink": 2739, "similarity": "dice", "normalize": true}, {"topK": 1607, "shrink": 1482, "similarity": "dice", "normalize": true}, {"topK": 601, "shrink": 220, "similarity": "dice", "normalize": false}, {"topK": 676, "shrink": 657, "similarity": "dice", "normalize": true}, {"topK": 1813, "shrink": 1893, "similarity": "dice", "normalize": true}, {"topK": 368, "shrink": 1858, "similarity": "dice", "normalize": false}, {"topK": 94, "shrink": 2385, "similarity": "dice", "normalize": true}, {"topK": 812, "shrink": 603, "similarity": "dice", "normalize": false}, {"topK": 786, "shrink": 2507, "similarity": "dice", "normalize": true}, {"topK": 1799, "shrink": 627, "similarity": "dice", "normalize": true}, {"topK": 308, "shrink": 2393, "similarity": "dice", "normalize": true}, {"topK": 1144, "shrink": 182, "similarity": "dice", "normalize": false}, {"topK": 1679, "shrink": 1988, "similarity": "dice", "normalize": true}, {"topK": 991, "shrink": 2372, "similarity": "dice", "normalize": false}, {"topK": 971, "shrink": 1676, "similarity": "dice", "normalize": false}, {"topK": 694, "shrink": 1859, "similarity": "dice", "normalize": false}, {"topK": 676, "shrink": 2150, "similarity": "dice", "normalize": false}, {"topK": 1321, "shrink": 1645, "similarity": "dice", "normalize": true}, {"topK": 1327, "shrink": 2376, "similarity": "dice", "normalize": true}, {"topK": 1093, "shrink": 897, "similarity": "dice", "normalize": true}, {"topK": 1425, "shrink": 1269, "similarity": "dice", "normalize": false}, {"topK": 1027, "shrink": 627, "similarity": "dice", "normalize": true}, {"topK": 1647, "shrink": 574, "similarity": "dice", "normalize": true}, {"topK": 71, "shrink": 681, "similarity": "dice", "normalize": false}, {"topK": 1454, "shrink": 1199, "similarity": "dice", "normalize": false}, {"topK": 1169, "shrink": 2097, "similarity": "dice", "normalize": true}, {"topK": 1876, "shrink": 1560, "similarity": "dice", "normalize": false}, {"topK": 251, "shrink": 1811, "similarity": "dice", "normalize": false}, {"topK": 580, "shrink": 161, "similarity": "dice", "normalize": false}, {"topK": 1802, "shrink": 1891, "similarity": "dice", "normalize": true}, {"topK": 198, "shrink": 2403, "similarity": "dice", "normalize": true}, {"topK": 881, "shrink": 2660, "similarity": "dice", "normalize": false}, {"topK": 860, "shrink": 2690, "similarity": "dice", "normalize": true}, {"topK": 1541, "shrink": 1034, "similarity": "dice", "normalize": false}, {"topK": 1483, "shrink": 2235, "similarity": "dice", "normalize": false}, {"topK": 1363, "shrink": 2233, "similarity": "dice", "normalize": true}, {"topK": 1967, "shrink": 1252, "similarity": "dice", "normalize": true}, {"topK": 757, "shrink": 176, "similarity": "dice", "normalize": true}, {"topK": 602, "shrink": 2510, "similarity": "dice", "normalize": true}, {"topK": 54, "shrink": 902, "similarity": "dice", "normalize": false}, {"topK": 243, "shrink": 2263, "similarity": "dice", "normalize": true}, {"topK": 1462, "shrink": 683, "similarity": "dice", "normalize": false}, {"topK": 1344, "shrink": 1179, "similarity": "dice", "normalize": true}, {"topK": 1902, "shrink": 957, "similarity": "dice", "normalize": false}, {"topK": 1597, "shrink": 2939, "similarity": "dice", "normalize": true}, {"topK": 1697, "shrink": 1345, "similarity": "dice", "normalize": false}, {"topK": 215, "shrink": 1238, "similarity": "dice", "normalize": false}, {"topK": 746, "shrink": 901, "similarity": "dice", "normalize": true}, {"topK": 440, "shrink": 2880, "similarity": "dice", "normalize": true}, {"topK": 1327, "shrink": 1017, "similarity": "dice", "normalize": true}, {"topK": 946, "shrink": 2553, "similarity": "dice", "normalize": false}, {"topK": 646, "shrink": 1467, "similarity": "dice", "normalize": true}, {"topK": 359, "shrink": 1176, "similarity": "dice", "normalize": false}, {"topK": 1103, "shrink": 336, "similarity": "dice", "normalize": true}, {"topK": 377, "shrink": 1502, "similarity": "dice", "normalize": true}, {"topK": 1579, "shrink": 900, "similarity": "dice", "normalize": true}, {"topK": 269, "shrink": 2227, "similarity": "dice", "normalize": true}, {"topK": 1973, "shrink": 980, "similarity": "dice", "normalize": true}, {"topK": 470, "shrink": 1408, "similarity": "dice", "normalize": false}, {"topK": 1139, "shrink": 2716, "similarity": "dice", "normalize": true}, {"topK": 231, "shrink": 1253, "similarity": "dice", "normalize": true}, {"topK": 1726, "shrink": 1113, "similarity": "dice", "normalize": true}, {"topK": 1451, "shrink": 1752, "similarity": "dice", "normalize": true}, {"topK": 1924, "shrink": 1975, "similarity": "dice", "normalize": false}, {"topK": 1013, "shrink": 96, "similarity": "dice", "normalize": false}, {"topK": 995, "shrink": 2870, "similarity": "dice", "normalize": true}, {"topK": 525, "shrink": 62, "similarity": "dice", "normalize": true}, {"topK": 732, "shrink": 885, "similarity": "dice", "normalize": false}, {"topK": 1020, "shrink": 779, "similarity": "dice", "normalize": false}, {"topK": 1538, "shrink": 2053, "similarity": "dice", "normalize": false}, {"topK": 82, "shrink": 815, "similarity": "dice", "normalize": true}, {"topK": 1623, "shrink": 1569, "similarity": "dice", "normalize": false}, {"topK": 1670, "shrink": 235, "similarity": "dice", "normalize": true}, {"topK": 982, "shrink": 2929, "similarity": "dice", "normalize": false}, {"topK": 1809, "shrink": 326, "similarity": "dice", "normalize": true}, {"topK": 594, "shrink": 1774, "similarity": "dice", "normalize": false}, {"topK": 378, "shrink": 1793, "similarity": "dice", "normalize": true}, {"topK": 1237, "shrink": 2707, "similarity": "dice", "normalize": true}, {"topK": 294, "shrink": 2113, "similarity": "dice", "normalize": false}, {"topK": 378, "shrink": 873, "similarity": "dice", "normalize": false}, {"topK": 1568, "shrink": 1104, "similarity": "dice", "normalize": false}, {"topK": 1078, "shrink": 249, "similarity": "dice", "normalize": false}, {"topK": 203, "shrink": 1858, "similarity": "dice", "normalize": false}, {"topK": 496, "shrink": 1871, "similarity": "dice", "normalize": true}, {"topK": 1324, "shrink": 326, "similarity": "dice", "normalize": false}, {"topK": 235, "shrink": 2117, "similarity": "dice", "normalize": false}, {"topK": 540, "shrink": 2116, "similarity": "dice", "normalize": true}, {"topK": 646, "shrink": 1605, "similarity": "dice", "normalize": false}, {"topK": 225, "shrink": 1082, "similarity": "dice", "normalize": false}, {"topK": 582, "shrink": 1258, "similarity": "dice", "normalize": true}, {"topK": 834, "shrink": 2428, "similarity": "dice", "normalize": true}, {"topK": 1377, "shrink": 2314, "similarity": "dice", "normalize": false}, {"topK": 1923, "shrink": 2563, "similarity": "dice", "normalize": false}, {"topK": 594, "shrink": 2982, "similarity": "dice", "normalize": false}, {"topK": 374, "shrink": 586, "similarity": "dice", "normalize": false}, {"topK": 802, "shrink": 2974, "similarity": "dice", "normalize": true}, {"topK": 1289, "shrink": 2108, "similarity": "dice", "normalize": true}, {"topK": 98, "shrink": 612, "similarity": "dice", "normalize": false}, {"topK": 1302, "shrink": 2191, "similarity": "dice", "normalize": false}, {"topK": 1526, "shrink": 894, "similarity": "dice", "normalize": true}, {"topK": 1513, "shrink": 1978, "similarity": "dice", "normalize": false}, {"topK": 843, "shrink": 2683, "similarity": "dice", "normalize": false}, {"topK": 1904, "shrink": 1233, "similarity": "dice", "normalize": true}, {"topK": 1246, "shrink": 1502, "similarity": "dice", "normalize": false}, {"topK": 518, "shrink": 2548, "similarity": "dice", "normalize": true}, {"topK": 871, "shrink": 102, "similarity": "dice", "normalize": true}, {"topK": 1190, "shrink": 1348, "similarity": "dice", "normalize": false}, {"topK": 555, "shrink": 2313, "similarity": "dice", "normalize": false}, {"topK": 1410, "shrink": 2875, "similarity": "dice", "normalize": false}, {"topK": 282, "shrink": 1128, "similarity": "dice", "normalize": true}, {"topK": 1977, "shrink": 787, "similarity": "dice", "normalize": true}, {"topK": 1626, "shrink": 803, "similarity": "dice", "normalize": true}, {"topK": 1808, "shrink": 892, "similarity": "dice", "normalize": false}, {"topK": 1417, "shrink": 2683, "similarity": "dice", "normalize": true}, {"topK": 215, "shrink": 1344, "similarity": "dice", "normalize": true}, {"topK": 1167, "shrink": 1778, "similarity": "dice", "normalize": false}, {"topK": 1058, "shrink": 2864, "similarity": "dice", "normalize": true}, {"topK": 1632, "shrink": 1377, "similarity": "dice", "normalize": false}, {"topK": 483, "shrink": 2265, "similarity": "dice", "normalize": false}, {"topK": 1716, "shrink": 2471, "similarity": "dice", "normalize": true}, {"topK": 466, "shrink": 357, "similarity": "dice", "normalize": false}, {"topK": 1165, "shrink": 1431, "similarity": "dice", "normalize": false}, {"topK": 1618, "shrink": 1572, "similarity": "dice", "normalize": false}, {"topK": 1247, "shrink": 1200, "similarity": "dice", "normalize": true}, {"topK": 841, "shrink": 2467, "similarity": "dice", "normalize": false}, {"topK": 578, "shrink": 1215, "similarity": "dice", "normalize": false}, {"topK": 1048, "shrink": 2549, "similarity": "dice", "normalize": false}, {"topK": 828, "shrink": 2300, "similarity": "dice", "normalize": true}, {"topK": 1031, "shrink": 883, "similarity": "dice", "normalize": false}, {"topK": 411, "shrink": 1144, "similarity": "dice", "normalize": false}, {"topK": 1368, "shrink": 625, "similarity": "dice", "normalize": false}, {"topK": 1309, "shrink": 556, "similarity": "dice", "normalize": false}, {"topK": 208, "shrink": 2762, "similarity": "dice", "normalize": true}, {"topK": 1766, "shrink": 1811, "similarity": "dice", "normalize": true}, {"topK": 116, "shrink": 1880, "similarity": "dice", "normalize": true}, {"topK": 708, "shrink": 2783, "similarity": "dice", "normalize": false}, {"topK": 720, "shrink": 999, "similarity": "dice", "normalize": false}, {"topK": 876, "shrink": 1643, "similarity": "dice", "normalize": false}, {"topK": 1434, "shrink": 1173, "similarity": "dice", "normalize": true}, {"topK": 367, "shrink": 2092, "similarity": "dice", "normalize": true}, {"topK": 1370, "shrink": 2354, "similarity": "dice", "normalize": true}, {"topK": 1357, "shrink": 987, "similarity": "dice", "normalize": true}, {"topK": 831, "shrink": 1300, "similarity": "dice", "normalize": true}, {"topK": 765, "shrink": 2899, "similarity": "dice", "normalize": false}, {"topK": 626, "shrink": 605, "similarity": "dice", "normalize": false}, {"topK": 1458, "shrink": 504, "similarity": "dice", "normalize": false}]