[{"topK": 1561, "shrink": 2218, "similarity": "jaccard", "normalize": true}, {"topK": 1943, "shrink": 2730, "similarity": "jaccard", "normalize": true}, {"topK": 1047, "shrink": 1615, "similarity": "jaccard", "normalize": true}, {"topK": 1403, "shrink": 2946, "similarity": "jaccard", "normalize": false}, {"topK": 830, "shrink": 575, "similarity": "jaccard", "normalize": false}, {"topK": 319, "shrink": 1191, "similarity": "jaccard", "normalize": false}, {"topK": 1816, "shrink": 2140, "similarity": "jaccard", "normalize": true}, {"topK": 459, "shrink": 1786, "similarity": "jaccard", "normalize": true}, {"topK": 1686, "shrink": 805, "similarity": "jaccard", "normalize": true}, {"topK": 790, "shrink": 2703, "similarity": "jaccard", "normalize": false}, {"topK": 1037, "shrink": 163, "similarity": "jaccard", "normalize": true}, {"topK": 1445, "shrink": 1860, "similarity": "jaccard", "normalize": true}, {"topK": 1897, "shrink": 1695, "similarity": "jaccard", "normalize": false}, {"topK": 347, "shrink": 1009, "similarity": "jaccard", "normalize": true}, {"topK": 1890, "shrink": 1335, "similarity": "jaccard", "normalize": true}, {"topK": 1297, "shrink": 523, "similarity": "jaccard", "normalize": true}, {"topK": 432, "shrink": 2541, "similarity": "jaccard", "normalize": true}, {"topK": 437, "shrink": 1960, "similarity": "jaccard", "normalize": true}, {"topK": 327, "shrink": 2698, "similarity": "jaccard", "normalize": true}, {"topK": 1853, "shrink": 1703, "similarity": "jaccard", "normalize": true}, {"topK": 1135, "shrink": 1590, "similarity": "jaccard", "normalize": true}, {"topK": 551, "shrink": 2208, "similarity": "jaccard", "normalize": true}, {"topK": 304, "shrink": 2399, "similarity": "jaccard", "normalize": false}, {"topK": 881, "shrink": 2086, "similarity": "jaccard", "normalize": true}, {"topK": 361, "shrink": 1234, "similarity": "jaccard", "normalize": true}, {"topK": 479, "shrink": 2555, "similarity": "jaccard", "normalize": false}, {"topK": 1237, "shrink": 1231, "similarity": "jaccard", "normalize": true}, {"topK": 845, "shrink": 1950, "similarity": "jaccard", "normalize": false}, {"topK": 1574, "shrink": 2236, "similarity": "jaccard", "normalize": true}, {"topK": 1207, "shrink": 1827, "similarity": "jaccard", "normalize": false}, {"topK": 1097, "shrink": 1799, "similarity": "jaccard", "normalize": false}, {"topK": 1752, "shrink": 1003, "similarity": "jaccard", "normalize": false}, {"topK": 1734, "shrink": 583, "similarity": "jaccard", "normalize": true}, {"topK": 1902, "shrink": 250, "similarity": "jaccard", "normalize": false}, {"topK": 981, "shrink": 1621, "similarity": "jaccard", "normalize": false}, {"topK": 897, "shrink": 151, "similarity": "jaccard", "normalize": true}, {"topK": 510, "shrink": 1583, "similarity": "jaccard", "normalize": true}, {"topK": 579, "shrink": 2929, "similarity": "jaccard", "normalize": false}, {"topK": 944, "shrink": 496, "similarity": "jaccard", "normalize": false}, {"topK": 1193, "shrink": 2487, "similarity": "jaccard", "normalize": false}, {"topK": 1795, "shrink": 333, "similarity": "jaccard", "normalize": false}, {"topK": 1022, "shrink": 2731, "similarity": "jaccard", "normalize": false}, {"topK": 1164, "shrink": 347, "similarity": "jaccard", "normalize": true}, {"topK": 1475, "shrink": 2939, "similarity": "jaccard", "normalize": false}, {"topK": 1116, "shrink": 771, "similarity": "jaccard", "normalize": false}, {"topK": 1192, "shrink": 715, "similarity": "jaccard", "normalize": true}, {"topK": 882, "shrink": 2217, "similarity": "jaccard", "normalize": false}, {"topK": 1648, "shrink": 282, "similarity": "jaccard", "normalize": true}, {"topK": 725, "shrink": 353, "similarity": "jaccard", "normalize": true}, {"topK": 152, "shrink": 247, "similarity": "jaccard", "normalize": false}, {"topK": 811, "shrink": 1147, "similarity": "jaccard", "normalize": false}, {"topK": 1257, "shrink": 1036, "similarity": "jaccard", "normalize": true}, {"topK": 1163, "shrink": 395, "similarity": "jaccard", "normalize": false}, {"topK": 121, "shrink": 1803, "similarity": "jaccard", "normalize": false}, {"topK": 1226, "shrink": 1651, "similarity": "jaccard", "normalize": true}, {"topK": 507, "shrink": 745, "similarity": "jaccard", "normalize": false}, {"topK": 1680, "shrink": 1278, "similarity": "jaccard", "normalize": false}, {"topK": 878, "shrink": 2586, "similarity": "jaccard", "normalize": true}, {"topK": 681, "shrink": 2561, "similarity": "jaccard", "normalize": true}, {"topK": 829, "shrink": 246, "similarity": "jaccard", "normalize": false}, {"topK": 420, "shrink": 2234, "similarity": "jaccard", "normalize": false}, {"topK": 1560, "shrink": 1314, "similarity": "jaccard", "normalize": true}, {"topK": 437, "shrink": 1189, "similarity": "jaccard", "normalize": false}, {"topK": 68, "shrink": 1629, "similarity": "jaccard", "normalize": true}, {"topK": 1890, "shrink": 1538, "similarity": "jaccard", "normalize": false}, {"topK": 500, "shrink": 517, "similarity": "jaccard", "normalize": false}, {"topK": 1607, "shrink": 2943, "similarity": "jaccard", "normalize": true}, {"topK": 1745, "shrink": 619, "similarity": "jaccard", "normalize": false}, {"topK": 1394, "shrink": 2967, "similarity": "jaccard", "normalize": false}, {"topK": 1510, "shrink": 239, "similarity": "jaccard", "normalize": false}, {"topK": 295, "shrink": 2082, "similarity": "jaccard", "normalize": true}, {"topK": 1753, "shrink": 2019, "similarity": "jaccard", "normalize": false}, {"topK": 776, "shrink": 939, "similarity": "jaccard", "normalize": true}, {"topK": 1611, "shrink": 1581, "similarity": "jaccard", "normalize": false}, {"topK": 1804, "shrink": 2842, "similarity": "jaccard", "normalize": false}, {"topK": 199, "shrink": 2550, "similarity": "jaccard", "normalize": true}, {"topK": 169, "shrink": 1236, "similarity": "jaccard", "normalize": false}, {"topK": 1657, "shrink": 2518, "similarity": "jaccard", "normalize": false}, {"topK": 1988, "shrink": 990, "similarity": "jaccard", "normalize": false}, {"topK": 1553, "shrink": 1726, "similarity": "jaccard", "normalize": true}, {"topK": 703, "shrink": 2972, "similarity": "jaccard", "normalize": false}, {"topK": 1044, "shrink": 2820, "similarity": "jaccard", "normalize": true}, {"topK": 976, "shrink": 583, "similarity": "jaccard", "normalize": true}, {"topK": 1582, "shrink": 2335, "similarity": "jaccard", "normalize": false}, {"topK": 1925, "shrink": 337, "similarity": "jaccard", "normalize": true}, {"topK": 1876, "shrink": 2006, "similarity": "jaccard", "normalize": true}, {"topK": 243, "shrink": 2187, "similarity": "jaccard", "normalize": false}, {"topK": 1862, "shrink": 1254, "similarity": "jaccard", "normalize": false}, {"topK": 1656, "shrink": 1444, "similarity": "jaccard", "normalize": false}, {"topK": 1217, "shrink": 2760, "similarity": "jaccard", "normalize": false}, {"topK": 1858, "shrink": 1255, "similarity": "jaccard", "normalize": false}, {"topK": 1541, "shrink": 2150, "similarity": "jaccard", "normalize": true}, {"topK": 1069, "shrink": 953, "similarity": "jaccard", "normalize": false}, {"topK": 1413, "shrink": 735, "similarity": "jaccard", "normalize": true}, {"topK": 245, "shrink": 2874, "similarity": "jaccard", "normalize": true}, {"topK": 871, "shrink": 225, "similarity": "jaccard", "normalize": true}, {"topK": 1554, "shrink": 1290, "similarity": "jaccard", "normalize": false}, {"topK": 1935, "shrink": 1084, "similarity": "jaccard", "normalize": false}, {"topK": 707, "shrink": 2687, "similarity": "jaccard", "normalize": true}, {"topK": 556, "shrink": 318, "similarity": "jaccard", "normalize": true}, {"topK": 1155, "shrink": 348, "similarity": "jaccard", "normalize": false}, {"topK": 341, "shrink": 1481, "similarity": "jaccard", "normalize": false}, {"topK": 770, "shrink": 2258, "similarity": "jaccard", "normalize": true}, {"topK": 973, "shrink": 1681, "similarity": "jaccard", "normalize": false}, {"topK": 1181, "shrink": 2081, "similarity": "jaccard", "normalize": false}, {"topK": 1629, "shrink": 1988, "similarity": "jaccard", "normalize": false}, {"topK": 1101, "shrink": 116, "similarity": "jaccard", "normalize": true}, {"topK": 1284, "shrink": 1320, "similarity": "jaccard", "normalize": true}, {"topK": 998, "shrink": 2436, "similarity": "jaccard", "normalize": true}, {"topK": 1641, "shrink": 1415, "similarity": "jaccard", "normalize": true}, {"topK": 830, "shrink": 828, "similarity": "jaccard", "normalize": false}, {"topK": 1113, "shrink": 1513, "similarity": "jaccard", "normalize": false}, {"topK": 90, "shrink": 1803, "similarity": "jaccard", "normalize": false}, {"topK": 1365, "shrink": 569, "similarity": "jaccard", "normalize": true}, {"topK": 908, "shrink": 1781, "similarity": "jaccard", "normalize": true}, {"topK": 1417, "shrink": 2627, "similarity": "jaccard", "normalize": true}, {"topK": 956, "shrink": 2463, "similarity": "jaccard", "normalize": true}, {"topK": 1152, "shrink": 890, "similarity": "jaccard", "normalize": false}, {"topK": 340, "shrink": 274, "similarity": "jaccard", "normalize": true}, {"topK": 782, "shrink": 114, "similarity": "jaccard", "normalize": true}, {"topK": 449, "shrink": 1409, "similarity": "jaccard", "normalize": true}, {"topK": 1121, "shrink": 615, "similarity": "jaccard", "normalize": true}, {"topK": 1403, "shrink": 1947, "similarity": "jaccard", "normalize": false}, {"topK": 1933, "shrink": 1844, "similarity": "jaccard", "normalize": true}, {"topK": 310, "shrink": 1609, "similarity": "jaccard", "normalize": true}, {"topK": 1196, "shrink": 2491, "similarity": "jaccard", "normalize": true}, {"topK": 1982, "shrink": 1565, "similarity": "jaccard", "normalize": true}, {"topK": 1487, "shrink": 1151, "similarity": "jaccard", "normalize": true}, {"topK": 832, "shrink": 170, "similarity": "jaccard", "normalize": true}, {"topK": 379, "shrink": 1870, "similarity": "jaccard", "normalize": true}, {"topK": 1258, "shrink": 2725, "similarity": "jaccard", "normalize": false}, {"topK": 105, "shrink": 556, "similarity": "jaccard", "normalize": true}, {"topK": 172, "shrink": 607, "similarity": "jaccard", "normalize": true}, {"topK": 1576, "shrink": 2816, "similarity": "jaccard", "normalize": true}, {"topK": 1533, "shrink": 1292, "similarity": "jaccard", "normalize": false}, {"topK": 1043, "shrink": 1425, "similarity": "jaccard", "normalize": false}, {"topK": 175, "shrink": 439, "similarity": "jaccard", "normalize": false}, {"topK": 1381, "shrink": 2776, "similarity": "jaccard", "normalize": false}, {"topK": 1159, "shrink": 912, "similarity": "jaccard", "normalize": false}, {"topK": 470, "shrink": 1520, "similarity": "jaccard", "normalize": true}, {"topK": 489, "shrink": 1502, "similarity": "jaccard", "normalize": false}, {"topK": 1550, "shrink": 526, "similarity": "jaccard", "normalize": true}, {"topK": 265, "shrink": 2373, "similarity": "jaccard", "normalize": true}, {"topK": 1934, "shrink": 556, "similarity": "jaccard", "normalize": true}, {"topK": 842, "shrink": 53, "similarity": "jaccard", "normalize": false}, {"topK": 1975, "shrink": 583, "similarity": "jaccard", "normalize": true}, {"topK": 1780, "shrink": 1854, "similarity": "jaccard", "normalize": true}, {"topK": 929, "shrink": 482, "similarity": "jaccard", "normalize": false}, {"topK": 429, "shrink": 2496, "similarity": "jaccard", "normalize": false}, {"topK": 1673, "shrink": 141, "similarity": "jaccard", "normalize": false}, {"topK": 1437, "shrink": 1195, "similarity": "jaccard", "normalize": true}, {"topK": 565, "shrink": 2075, "similarity": "jaccard", "normalize": true}, {"topK": 199, "shrink": 935, "similarity": "jaccard", "normalize": true}, {"topK": 653, "shrink": 1934, "similarity": "jaccard", "normalize": true}, {"topK": 605, "shrink": 2999, "similarity": "jaccard", "normalize": false}, {"topK": 1452, "shrink": 2509, "similarity": "jaccard", "normalize": false}, {"topK": 294, "shrink": 1286, "similarity": "jaccard", "normalize": true}, {"topK": 80, "shrink": 651, "similarity": "jaccard", "normalize": false}, {"topK": 1704, "shrink": 2418, "similarity": "jaccard", "normalize": true}, {"topK": 1582, "shrink": 2299, "similarity": "jaccard", "normalize": true}, {"topK": 752, "shrink": 1450, "similarity": "jaccard", "normalize": false}, {"topK": 392, "shrink": 1298, "similarity": "jaccard", "normalize": true}, {"topK": 252, "shrink": 1545, "similarity": "jaccard", "normalize": true}, {"topK": 72, "shrink": 1937, "similarity": "jaccard", "normalize": false}, {"topK": 1003, "shrink": 172, "similarity": "jaccard", "normalize": true}, {"topK": 1306, "shrink": 2145, "similarity": "jaccard", "normalize": false}, {"topK": 914, "shrink": 63, "similarity": "jaccard", "normalize": true}, {"topK": 590, "shrink": 1965, "similarity": "jaccard", "normalize": true}, {"topK": 913, "shrink": 2837, "similarity": "jaccard", "normalize": true}, {"topK": 163, "shrink": 421, "similarity": "jaccard", "normalize": true}, {"topK": 1010, "shrink": 1565, "similarity": "jaccard", "normalize": true}, {"topK": 812, "shrink": 1878, "similarity": "jaccard", "normalize": true}, {"topK": 1673, "shrink": 1292, "similarity": "jaccard", "normalize": true}, {"topK": 1006, "shrink": 1752, "similarity": "jaccard", "normalize": false}, {"topK": 1829, "shrink": 1526, "similarity": "jaccard", "normalize": false}, {"topK": 182, "shrink": 380, "similarity": "jaccard", "normalize": false}, {"topK": 395, "shrink": 1414, "similarity": "jaccard", "normalize": false}, {"topK": 880, "shrink": 190, "similarity": "jaccard", "normalize": true}, {"topK": 764, "shrink": 797, "similarity": "jaccard", "normalize": true}, {"topK": 1407, "shrink": 534, "similarity": "jaccard", "normalize": false}, {"topK": 1206, "shrink": 2400, "similarity": "jaccard", "normalize": true}, {"topK": 1779, "shrink": 2382, "similarity": "jaccard", "normalize": true}, {"topK": 822, "shrink": 2832, "similarity": "jaccard", "normalize": true}, {"topK": 870, "shrink": 697, "similarity": "jaccard", "normalize": false}, {"topK": 920, "shrink": 2131, "similarity": "jaccard", "normalize": false}, {"topK": 484, "shrink": 1222, "similarity": "jaccard", "normalize": false}, {"topK": 1203, "shrink": 306, "similarity": "jaccard", "normalize": true}, {"topK": 1656, "shrink": 2967, "similarity": "jaccard", "normalize": true}, {"topK": 1163, "shrink": 1129, "similarity": "jaccard", "normalize": false}, {"topK": 1470, "shrink": 1211, "similarity": "jaccard", "normalize": true}, {"topK": 184, "shrink": 2599, "similarity": "jaccard", "normalize": false}, {"topK": 776, "shrink": 2506, "similarity": "jaccard", "normalize": true}, {"topK": 1714, "shrink": 119, "similarity": "jaccard", "normalize": true}, {"topK": 1658, "shrink": 2711, "similarity": "jaccard", "normalize": false}, {"topK": 583, "shrink": 1452, "similarity": "jaccard", "normalize": true}, {"topK": 855, "shrink": 230, "similarity": "jaccard", "normalize": false}, {"topK": 1435, "shrink": 2870, "similarity": "jaccard", "normalize": false}, {"topK": 582, "shrink": 1368, "similarity": "jaccard", "normalize": false}, {"topK": 1052, "shrink": 1683, "similarity": "jaccard", "normalize": true}, {"topK": 699, "shrink": 1633, "similarity": "jaccard", "normalize": true}, {"topK": 1502, "shrink": 2030, "similarity": "jaccard", "normalize": true}, {"topK": 839, "shrink": 2688, "similarity": "jaccard", "normalize": true}, {"topK": 874, "shrink": 2623, "similarity": "jaccard", "normalize": true}, {"topK": 1852, "shrink": 1273, "similarity": "jaccard", "normalize": false}, {"topK": 300, "shrink": 2827, "similarity": "jaccard", "normalize": true}, {"topK": 1640, "shrink": 2182, "similarity": "jaccard", "normalize": true}, {"topK": 1318, "shrink": 1650, "similarity": "jaccard", "normalize": true}, {"topK": 1648, "shrink": 1922, "similarity": "jaccard", "normalize": true}, {"topK": 639, "shrink": 941, "similarity": "jaccard", "normalize": true}, {"topK": 87, "shrink": 1347, "similarity": "jaccard", "normalize": false}, {"topK": 751, "shrink": 2668, "similarity": "jaccard", "normalize": true}, {"topK": 934, "shrink": 1867, "similarity": "jaccard", "normalize": false}, {"topK": 332, "shrink": 2070, "similarity": "jaccard", "normalize": false}, {"topK": 838, "shrink": 720, "similarity": "jaccard", "normalize": true}, {"topK": 1537, "shrink": 2299, "similarity": "jaccard", "normalize": false}, {"topK": 1706, "shrink": 1887, "similarity": "jaccard", "normalize": false}, {"topK": 789, "shrink": 1057, "similarity": "jaccard", "normalize": true}, {"topK": 1164, "shrink": 66, "similarity": "jaccard", "normalize": false}, {"topK": 968, "shrink": 947, "similarity": "jaccard", "normalize": true}, {"topK": 482, "shrink": 2113, "similarity": "jaccard", "normalize": true}, {"topK": 1100, "shrink": 1153, "similarity": "jaccard", "normalize": true}, {"topK": 361, "shrink": 1744, "similarity": "jaccard", "normalize": false}, {"topK": 499, "shrink": 1914, "similarity": "jaccard", "normalize": true}, {"topK": 1404, "shrink": 1338, "similarity": "jaccard", "normalize": false}, {"topK": 286, "shrink": 853, "similarity": "jaccard", "normalize": false}, {"topK": 338, "shrink": 882, "similarity": "jaccard", "normalize": false}, {"topK": 1173, "shrink": 410, "similarity": "jaccard", "normalize": false}, {"topK": 1346, "shrink": 2635, "similarity": "jaccard", "normalize": true}, {"topK": 1374, "shrink": 2322, "similarity": "jaccard", "normalize": false}, {"topK": 217, "shrink": 2956, "similarity": "jaccard", "normalize": true}, {"topK": 1383, "shrink": 153, "similarity": "jaccard", "normalize": true}, {"topK": 1480, "shrink": 1190, "similarity": "jaccard", "normalize": true}, {"topK": 1320, "shrink": 869, "similarity": "jaccard", "normalize": false}, {"topK": 578, "shrink": 2429, "similarity": "jaccard", "normalize": false}, {"topK": 1528, "shrink": 1765, "similarity": "jaccard", "normalize": false}, {"topK": 498, "shrink": 2221, "similarity": "jaccard", "normalize": false}, {"topK": 787, "shrink": 1935, "similarity": "jaccard", "normalize": false}, {"topK": 694, "shrink": 2925, "similarity": "jaccard", "normalize": true}, {"topK": 1654, "shrink": 2626, "similarity": "jaccard", "normalize": false}, {"topK": 610, "shrink": 503, "similarity": "jaccard", "normalize": false}, {"topK": 134, "shrink": 1957, "similarity": "jaccard", "normalize": true}, {"topK": 508, "shrink": 1981, "similarity": "jaccard", "normalize": false}, {"topK": 668, "shrink": 2773, "similarity": "jaccard", "normalize": true}, {"topK": 1892, "shrink": 2371, "similarity": "jaccard", "normalize": true}, {"topK": 1255, "shrink": 505, "similarity": "jaccard", "normalize": true}, {"topK": 668, "shrink": 907, "similarity": "jaccard", "normalize": true}, {"topK": 1995, "shrink": 908, "similarity": "jaccard", "normalize": false}, {"topK": 766, "shrink": 2657, "similarity": "jaccard", "normalize": false}, {"topK": 1920, "shrink": 2566, "similarity": "jaccard", "normalize": false}, {"topK": 1815, "shrink": 253, "similarity": "jaccard", "normalize": true}, {"topK": 142, "shrink": 60, "similarity": "jaccard", "normalize": false}, {"topK": 1151, "shrink": 1867, "similarity": "jaccard", "normalize": false}, {"topK": 1678, "shrink": 1539, "similarity": "jaccard", "normalize": false}, {"topK": 1058, "shrink": 1815, "similarity": "jaccard", "normalize": true}, {"topK": 1553, "shrink": 609, "similarity": "jaccard", "normalize": false}, {"topK": 1567, "shrink": 2359, "similarity": "jaccard", "normalize": true}, {"topK": 346, "shrink": 2167, "similarity": "jaccard", "normalize": true}, {"topK": 1308, "shrink": 1893, "similarity": "jaccard", "normalize": true}, {"topK": 427, "shrink": 2242, "similarity": "jaccard", "normalize": true}, {"topK": 1452, "shrink": 1654, "similarity": "jaccard", "normalize": false}, {"topK": 1863, "shrink": 1260, "similarity": "jaccard", "normalize": true}, {"topK": 85, "shrink": 2775, "similarity": "jaccard", "normalize": false}, {"topK": 1211, "shrink": 548, "similarity": "jaccard", "normalize": true}, {"topK": 211, "shrink": 1232, "similarity": "jaccard", "normalize": true}, {"topK": 650, "shrink": 2090, "similarity": "jaccard", "normalize": true}, {"topK": 649, "shrink": 1025, "similarity": "jaccard", "normalize": false}, {"topK": 787, "shrink": 941, "similarity": "jaccard", "normalize": false}, {"topK": 940, "shrink": 2680, "similarity": "jaccard", "normalize": false}, {"topK": 362, "shrink": 1967, "similarity": "jaccard", "normalize": true}, {"topK": 591, "shrink": 975, "similarity": "jaccard", "normalize": false}, {"topK": 1926, "shrink": 140, "similarity": "jaccard", "normalize": true}, {"topK": 1303, "shrink": 1316, "similarity": "jaccard", "normalize": false}, {"topK": 1765, "shrink": 1223, "similarity": "jaccard", "normalize": true}, {"topK": 561, "shrink": 2610, "similarity": "jaccard", "normalize": false}, {"topK": 1044, "shrink": 2551, "similarity": "jaccard", "normalize": false}, {"topK": 323, "shrink": 1728, "similarity": "jaccard", "normalize": true}, {"topK": 391, "shrink": 1547, "similarity": "jaccard", "normalize": false}, {"topK": 1637, "shrink": 1976, "similarity": "jaccard", "normalize": false}, {"topK": 385, "shrink": 101, "similarity": "jaccard", "normalize": true}, {"topK": 371, "shrink": 2389, "similarity": "jaccard", "normalize": false}, {"topK": 1129, "shrink": 1525, "similarity": "jaccard", "normalize": true}, {"topK": 351, "shrink": 2742, "similarity": "jaccard", "normalize": false}, {"topK": 1863, "shrink": 322, "similarity": "jaccard", "normalize": false}, {"topK": 1946, "shrink": 1391, "similarity": "jaccard", "normalize": false}, {"topK": 1210, "shrink": 488, "similarity": "jaccard", "normalize": true}, {"topK": 1943, "shrink": 3000, "similarity": "jaccard", "normalize": false}, {"topK": 1109, "shrink": 294, "similarity": "jaccard", "normalize": false}, {"topK": 1127, "shrink": 2002, "similarity": "jaccard", "normalize": true}, {"topK": 596, "shrink": 201, "similarity": "jaccard", "normalize": true}, {"topK": 734, "shrink": 1813, "similarity": "jaccard", "normalize": true}, {"topK": 561, "shrink": 1207, "similarity": "jaccard", "normalize": true}, {"topK": 600, "shrink": 258, "similarity": "jaccard", "normalize": true}, {"topK": 1441, "shrink": 2319, "similarity": "jaccard", "normalize": true}, {"topK": 864, "shrink": 139, "similarity": "jaccard", "normalize": false}, {"topK": 595, "shrink": 234, "similarity": "jaccard", "normalize": true}, {"topK": 1924, "shrink": 1703, "similarity": "jaccard", "normalize": true}, {"topK": 1186, "shrink": 2409, "similarity": "jaccard", "normalize": true}, {"topK": 1145, "shrink": 360, "similarity": "jaccard", "normalize": false}, {"topK": 1321, "shrink": 1656, "similarity": "jaccard", "normalize": false}, {"topK": 1380, "shrink": 265, "similarity": "jaccard", "normalize": true}, {"topK": 1429, "shrink": 198, "similarity": "jaccard", "normalize": false}, {"topK": 458, "shrink": 1085, "similarity": "jaccard", "normalize": false}, {"topK": 772, "shrink": 1108, "similarity": "jaccard", "normalize": true}, {"topK": 1091, "shrink": 2647, "similarity": "jaccard", "normalize": false}, {"topK": 710, "shrink": 257, "similarity": "jaccard", "normalize": false}, {"topK": 641, "shrink": 408, "similarity": "jaccard", "normalize": true}, {"topK": 1241, "shrink": 1540, "similarity": "jaccard", "normalize": false}, {"topK": 1447, "shrink": 2492, "similarity": "jaccard", "normalize": false}, {"topK": 1926, "shrink": 2060, "similarity": "jaccard", "normalize": false}, {"topK": 916, "shrink": 2601, "similarity": "jaccard", "normalize": false}, {"topK": 1255, "shrink": 962, "similarity": "jaccard", "normalize": false}, {"topK": 1426, "shrink": 851, "similarity": "jaccard", "normalize": false}, {"topK": 329, "shrink": 2442, "similarity": "jaccard", "normalize": false}, {"topK": 1488, "shrink": 1311, "similarity": "jaccard", "normalize": true}, {"topK": 1154, "shrink": 890, "similarity": "jaccard", "normalize": true}, {"topK": 911, "shrink": 1250, "similarity": "jaccard", "normalize": true}, {"topK": 698, "shrink": 605, "similarity": "jaccard", "normalize": false}, {"topK": 84, "shrink": 2106, "similarity": "jaccard", "normalize": false}, {"topK": 892, "shrink": 504, "similarity": "jaccard", "normalize": true}, {"topK": 1827, "shrink": 1328, "similarity": "jaccard", "normalize": false}, {"topK": 1413, "shrink": 217, "similarity": "jaccard", "normalize": false}, {"topK": 386, "shrink": 492, "similarity": "jaccard", "normalize": true}, {"topK": 1831, "shrink": 681, "similarity": "jaccard", "normalize": true}, {"topK": 1141, "shrink": 2413, "similarity": "jaccard", "normalize": true}, {"topK": 595, "shrink": 816, "similarity": "jaccard", "normalize": false}, {"topK": 852, "shrink": 2845, "similarity": "jaccard", "normalize": false}, {"topK": 1209, "shrink": 1814, "similarity": "jaccard", "normalize": true}, {"topK": 1898, "shrink": 858, "similarity": "jaccard", "normalize": false}, {"topK": 77, "shrink": 2725, "similarity": "jaccard", "normalize": true}, {"topK": 1775, "shrink": 496, "similarity": "jaccard", "normalize": false}, {"topK": 1133, "shrink": 2306, "similarity": "jaccard", "normalize": false}, {"topK": 284, "shrink": 507, "similarity": "jaccard", "normalize": false}, {"topK": 1443, "shrink": 2504, "similarity": "jaccard", "normalize": true}, {"topK": 1187, "shrink": 1954, "similarity": "jaccard", "normalize": true}, {"topK": 655, "shrink": 2395, "similarity": "jaccard", "normalize": true}, {"topK": 525, "shrink": 2002, "similarity": "jaccard", "normalize": false}, {"topK": 1106, "shrink": 724, "similarity": "jaccard", "normalize": false}, {"topK": 302, "shrink": 2174, "similarity": "jaccard", "normalize": false}, {"topK": 1174, "shrink": 2788, "similarity": "jaccard", "normalize": true}, {"topK": 436, "shrink": 1345, "similarity": "jaccard", "normalize": true}, {"topK": 1734, "shrink": 700, "similarity": "jaccard", "normalize": false}, {"topK": 1031, "shrink": 569, "similarity": "jaccard", "normalize": true}, {"topK": 605, "shrink": 884, "similarity": "jaccard", "normalize": false}, {"topK": 1883, "shrink": 453, "similarity": "jaccard", "normalize": true}, {"topK": 1352, "shrink": 2830, "similarity": "jaccard", "normalize": false}, {"topK": 1693, "shrink": 879, "similarity": "jaccard", "normalize": true}, {"topK": 1559, "shrink": 331, "similarity": "jaccard", "normalize": false}, {"topK": 1168, "shrink": 196, "similarity": "jaccard", "normalize": false}, {"topK": 1488, "shrink": 1870, "similarity": "jaccard", "normalize": true}, {"topK": 1891, "shrink": 1502, "similarity": "jaccard", "normalize": false}, {"topK": 168, "shrink": 2934, "similarity": "jaccard", "normalize": false}, {"topK": 1073, "shrink": 1618, "similarity": "jaccard", "normalize": false}, {"topK": 851, "shrink": 444, "similarity": "jaccard", "normalize": false}, {"topK": 515, "shrink": 2868, "similarity": "jaccard", "normalize": false}, {"topK": 509, "shrink": 2586, "similarity": "jaccard", "normalize": true}, {"topK": 1986, "shrink": 1759, "similarity": "jaccard", "normalize": false}, {"topK": 1608, "shrink": 625, "similarity": "jaccard", "normalize": true}, {"topK": 1347, "shrink": 2274, "similarity": "jaccard", "normalize": false}, {"topK": 428, "shrink": 567, "similarity": "jaccard", "normalize": true}, {"topK": 1425, "shrink": 1212, "similarity": "jaccard", "normalize": true}, {"topK": 251, "shrink": 782, "similarity": "jaccard", "normalize": true}, {"topK": 1341, "shrink": 1323, "similarity": "jaccard", "normalize": false}, {"topK": 1963, "shrink": 2145, "similarity": "jaccard", "normalize": false}, {"topK": 1133, "shrink": 2639, "similarity": "jaccard", "normalize": true}, {"topK": 886, "shrink": 2707, "similarity": "jaccard", "normalize": true}, {"topK": 1423, "shrink": 2943, "similarity": "jaccard", "normalize": true}, {"topK": 1996, "shrink": 495, "similarity": "jaccard", "normalize": false}, {"topK": 1817, "shrink": 1780, "similarity": "jaccard", "normalize": true}, {"topK": 1873, "shrink": 1899, "similarity": "jaccard", "normalize": true}, {"topK": 592, "shrink": 1573, "similarity": "jaccard", "normalize": false}, {"topK": 1904, "shrink": 1283, "similarity": "jaccard", "normalize": false}, {"topK": 1748, "shrink": 2421, "similarity": "jaccard", "normalize": false}, {"topK": 1811, "shrink": 711, "similarity": "jaccard", "normalize": true}, {"topK": 1846, "shrink": 561, "similarity": "jaccard", "normalize": true}, {"topK": 785, "shrink": 1499, "similarity": "jaccard", "normalize": true}, {"topK": 738, "shrink": 2354, "similarity": "jaccard", "normalize": true}, {"topK": 1833, "shrink": 254, "similarity": "jaccard", "normalize": false}, {"topK": 1515, "shrink": 882, "similarity": "jaccard", "normalize": false}, {"topK": 695, "shrink": 2841, "similarity": "jaccard", "normalize": true}, {"topK": 720, "shrink": 1648, "similarity": "jaccard", "normalize": false}, {"topK": 339, "shrink": 95, "similarity": "jaccard", "normalize": true}, {"topK": 924, "shrink": 449, "similarity": "jaccard", "normalize": false}, {"topK": 1748, "shrink": 1499, "similarity": "jaccard", "normalize": false}, {"topK": 335, "shrink": 1175, "similarity": "jaccard", "normalize": true}, {"topK": 1203, "shrink": 2563, "similarity": "jaccard", "normalize": true}, {"topK": 1839, "shrink": 2126, "similarity": "jaccard", "normalize": true}, {"topK": 124, "shrink": 1683, "similarity": "jaccard", "normalize": true}, {"topK": 138, "shrink": 1475, "similarity": "jaccard", "normalize": true}, {"topK": 172, "shrink": 684, "similarity": "jaccard", "normalize": false}, {"topK": 1375, "shrink": 250, "similarity": "jaccard", "normalize": true}, {"topK": 1302, "shrink": 533, "similarity": "jaccard", "normalize": true}, {"topK": 1151, "shrink": 2028, "similarity": "jaccard", "normalize": false}, {"topK": 935, "shrink": 2936, "similarity": "jaccard", "normalize": true}, {"topK": 499, "shrink": 2203, "similarity": "jaccard", "normalize": true}, {"topK": 1200, "shrink": 2723, "similarity": "jaccard", "normalize": false}, {"topK": 634, "shrink": 2056, "similarity": "jaccard", "normalize": true}, {"topK": 1670, "shrink": 2023, "similarity": "jaccard", "normalize": true}, {"topK": 725, "shrink": 1473, "similarity": "jaccard", "normalize": true}, {"topK": 831, "shrink": 2199, "similarity": "jaccard", "normalize": true}, {"topK": 1748, "shrink": 1708, "similarity": "jaccard", "normalize": false}, {"topK": 904, "shrink": 1191, "similarity": "jaccard", "normalize": true}, {"topK": 1910, "shrink": 2544, "similarity": "jaccard", "normalize": false}, {"topK": 245, "shrink": 300, "similarity": "jaccard", "normalize": false}, {"topK": 751, "shrink": 896, "similarity": "jaccard", "normalize": false}, {"topK": 1242, "shrink": 294, "similarity": "jaccard", "normalize": false}, {"topK": 507, "shrink": 2768, "similarity": "jaccard", "normalize": false}, {"topK": 1260, "shrink": 2990, "similarity": "jaccard", "normalize": false}, {"topK": 1128, "shrink": 2060, "similarity": "jaccard", "normalize": true}, {"topK": 1108, "shrink": 1236, "similarity": "jaccard", "normalize": true}, {"topK": 1852, "shrink": 258, "similarity": "jaccard", "normalize": false}, {"topK": 1604, "shrink": 1229, "similarity": "jaccard", "normalize": false}, {"topK": 841, "shrink": 2927, "similarity": "jaccard", "normalize": false}, {"topK": 1164, "shrink": 2347, "similarity": "jaccard", "normalize": false}, {"topK": 1410, "shrink": 2096, "similarity": "jaccard", "normalize": false}, {"topK": 1219, "shrink": 1577, "similarity": "jaccard", "normalize": true}, {"topK": 144, "shrink": 116, "similarity": "jaccard", "normalize": true}, {"topK": 169, "shrink": 1268, "similarity": "jaccard", "normalize": false}, {"topK": 1549, "shrink": 971, "similarity": "jaccard", "normalize": true}, {"topK": 1913, "shrink": 1986, "similarity": "jaccard", "normalize": false}, {"topK": 884, "shrink": 123, "similarity": "jaccard", "normalize": true}, {"topK": 1520, "shrink": 2869, "similarity": "jaccard", "normalize": true}, {"topK": 1227, "shrink": 1063, "similarity": "jaccard", "normalize": false}, {"topK": 1667, "shrink": 2077, "similarity": "jaccard", "normalize": true}, {"topK": 295, "shrink": 1846, "similarity": "jaccard", "normalize": false}, {"topK": 1824, "shrink": 54, "similarity": "jaccard", "normalize": true}, {"topK": 820, "shrink": 1250, "similarity": "jaccard", "normalize": true}, {"topK": 819, "shrink": 1374, "similarity": "jaccard", "normalize": true}, {"topK": 1100, "shrink": 82, "similarity": "jaccard", "normalize": false}, {"topK": 1298, "shrink": 2993, "similarity": "jaccard", "normalize": true}, {"topK": 1876, "shrink": 2539, "similarity": "jaccard", "normalize": true}, {"topK": 1937, "shrink": 2574, "similarity": "jaccard", "normalize": true}, {"topK": 1206, "shrink": 2019, "similarity": "jaccard", "normalize": true}, {"topK": 1671, "shrink": 2191, "similarity": "jaccard", "normalize": true}, {"topK": 1387, "shrink": 1220, "similarity": "jaccard", "normalize": false}, {"topK": 130, "shrink": 1563, "similarity": "jaccard", "normalize": true}, {"topK": 1237, "shrink": 2768, "similarity": "jaccard", "normalize": true}, {"topK": 609, "shrink": 461, "similarity": "jaccard", "normalize": true}, {"topK": 1317, "shrink": 2258, "similarity": "jaccard", "normalize": true}, {"topK": 1118, "shrink": 1337, "similarity": "jaccard", "normalize": true}, {"topK": 598, "shrink": 257, "similarity": "jaccard", "normalize": true}, {"topK": 1607, "shrink": 2988, "similarity": "jaccard", "normalize": true}, {"topK": 1312, "shrink": 259, "similarity": "jaccard", "normalize": false}, {"topK": 1934, "shrink": 2768, "similarity": "jaccard", "normalize": true}, {"topK": 1515, "shrink": 2460, "similarity": "jaccard", "normalize": true}, {"topK": 533, "shrink": 676, "similarity": "jaccard", "normalize": true}, {"topK": 1231, "shrink": 998, "similarity": "jaccard", "normalize": true}, {"topK": 81, "shrink": 1257, "similarity": "jaccard", "normalize": false}, {"topK": 325, "shrink": 821, "similarity": "jaccard", "normalize": true}, {"topK": 694, "shrink": 341, "similarity": "jaccard", "normalize": false}, {"topK": 1121, "shrink": 1080, "similarity": "jaccard", "normalize": false}, {"topK": 61, "shrink": 1087, "similarity": "jaccard", "normalize": true}, {"topK": 1109, "shrink": 499, "similarity": "jaccard", "normalize": false}, {"topK": 1063, "shrink": 527, "similarity": "jaccard", "normalize": false}, {"topK": 879, "shrink": 1465, "similarity": "jaccard", "normalize": false}, {"topK": 1623, "shrink": 428, "similarity": "jaccard", "normalize": true}, {"topK": 801, "shrink": 2871, "similarity": "jaccard", "normalize": false}, {"topK": 1253, "shrink": 2079, "similarity": "jaccard", "normalize": false}, {"topK": 724, "shrink": 1440, "similarity": "jaccard", "normalize": false}, {"topK": 1443, "shrink": 1662, "similarity": "jaccard", "normalize": false}, {"topK": 889, "shrink": 661, "similarity": "jaccard", "normalize": false}, {"topK": 68, "shrink": 2282, "similarity": "jaccard", "normalize": false}, {"topK": 710, "shrink": 2975, "similarity": "jaccard", "normalize": true}, {"topK": 375, "shrink": 2502, "similarity": "jaccard", "normalize": true}, {"topK": 132, "shrink": 1020, "similarity": "jaccard", "normalize": false}, {"topK": 1066, "shrink": 1168, "similarity": "jaccard", "normalize": true}, {"topK": 181, "shrink": 965, "similarity": "jaccard", "normalize": true}, {"topK": 1725, "shrink": 2339, "similarity": "jaccard", "normalize": false}, {"topK": 545, "shrink": 2398, "similarity": "jaccard", "normalize": false}, {"topK": 1880, "shrink": 2924, "similarity": "jaccard", "normalize": false}, {"topK": 1895, "shrink": 800, "similarity": "jaccard", "normalize": true}, {"topK": 998, "shrink": 973, "similarity": "jaccard", "normalize": true}, {"topK": 1647, "shrink": 296, "similarity": "jaccard", "normalize": false}, {"topK": 79, "shrink": 2281, "similarity": "jaccard", "normalize": true}, {"topK": 658, "shrink": 2711, "similarity": "jaccard", "normalize": true}, {"topK": 117, "shrink": 2687, "similarity": "jaccard", "normalize": true}, {"topK": 1592, "shrink": 2610, "similarity": "jaccard", "normalize": true}, {"topK": 489, "shrink": 1943, "similarity": "jaccard", "normalize": false}, {"topK": 1137, "shrink": 631, "similarity": "jaccard", "normalize": true}, {"topK": 1902, "shrink": 1578, "similarity": "jaccard", "normalize": false}, {"topK": 689, "shrink": 1143, "similarity": "jaccard", "normalize": false}, {"topK": 170, "shrink": 2954, "similarity": "jaccard", "normalize": false}, {"topK": 895, "shrink": 2979, "similarity": "jaccard", "normalize": true}, {"topK": 1354, "shrink": 748, "similarity": "jaccard", "normalize": true}, {"topK": 764, "shrink": 2593, "similarity": "jaccard", "normalize": true}, {"topK": 241, "shrink": 107, "similarity": "jaccard", "normalize": true}, {"topK": 723, "shrink": 2604, "similarity": "jaccard", "normalize": true}, {"topK": 837, "shrink": 2784, "similarity": "jaccard", "normalize": true}, {"topK": 685, "shrink": 2486, "similarity": "jaccard", "normalize": false}, {"topK": 940, "shrink": 574, "similarity": "jaccard", "normalize": true}, {"topK": 1365, "shrink": 2821, "similarity": "jaccard", "normalize": false}, {"topK": 1425, "shrink": 617, "similarity": "jaccard", "normalize": false}, {"topK": 1181, "shrink": 1225, "similarity": "jaccard", "normalize": false}, {"topK": 1006, "shrink": 2315, "similarity": "jaccard", "normalize": true}, {"topK": 1870, "shrink": 1284, "similarity": "jaccard", "normalize": false}, {"topK": 1622, "shrink": 1309, "similarity": "jaccard", "normalize": true}, {"topK": 1569, "shrink": 1996, "similarity": "jaccard", "normalize": true}, {"topK": 1718, "shrink": 2761, "similarity": "jaccard", "normalize": false}, {"topK": 1148, "shrink": 603, "similarity": "jaccard", "normalize": false}, {"topK": 354, "shrink": 517, "similarity": "jaccard", "normalize": false}, {"topK": 1832, "shrink": 401, "similarity": "jaccard", "normalize": false}, {"topK": 1256, "shrink": 2358, "similarity": "jaccard", "normalize": true}, {"topK": 339, "shrink": 341, "similarity": "jaccard", "normalize": false}, {"topK": 612, "shrink": 2462, "similarity": "jaccard", "normalize": true}, {"topK": 588, "shrink": 895, "similarity": "jaccard", "normalize": true}, {"topK": 1140, "shrink": 1388, "similarity": "jaccard", "normalize": false}, {"topK": 1287, "shrink": 2173, "similarity": "jaccard", "normalize": false}, {"topK": 561, "shrink": 2081, "similarity": "jaccard", "normalize": true}, {"topK": 1000, "shrink": 1207, "similarity": "jaccard", "normalize": false}, {"topK": 60, "shrink": 1899, "similarity": "jaccard", "normalize": true}, {"topK": 1457, "shrink": 1128, "similarity": "jaccard", "normalize": false}, {"topK": 1089, "shrink": 1529, "similarity": "jaccard", "normalize": false}, {"topK": 1777, "shrink": 1677, "similarity": "jaccard", "normalize": true}, {"topK": 772, "shrink": 2534, "similarity": "jaccard", "normalize": false}, {"topK": 727, "shrink": 343, "similarity": "jaccard", "normalize": true}, {"topK": 115, "shrink": 336, "similarity": "jaccard", "normalize": true}, {"topK": 247, "shrink": 153, "similarity": "jaccard", "normalize": false}, {"topK": 592, "shrink": 2760, "similarity": "jaccard", "normalize": true}, {"topK": 795, "shrink": 2856, "similarity": "jaccard", "normalize": true}, {"topK": 169, "shrink": 1749, "similarity": "jaccard", "normalize": true}, {"topK": 1670, "shrink": 698, "similarity": "jaccard", "normalize": false}, {"topK": 221, "shrink": 1902, "similarity": "jaccard", "normalize": false}, {"topK": 578, "shrink": 1354, "similarity": "jaccard", "normalize": true}, {"topK": 155, "shrink": 750, "similarity": "jaccard", "normalize": false}, {"topK": 1532, "shrink": 524, "similarity": "jaccard", "normalize": true}, {"topK": 1707, "shrink": 1116, "similarity": "jaccard", "normalize": true}, {"topK": 1402, "shrink": 2531, "similarity": "jaccard", "normalize": false}, {"topK": 853, "shrink": 1642, "similarity": "jaccard", "normalize": true}, {"topK": 338, "shrink": 1238, "similarity": "jaccard", "normalize": false}, {"topK": 790, "shrink": 2342, "similarity": "jaccard", "normalize": false}, {"topK": 546, "shrink": 594, "similarity": "jaccard", "normalize": true}, {"topK": 1894, "shrink": 1411, "similarity": "jaccard", "normalize": true}, {"topK": 1705, "shrink": 1941, "similarity": "jaccard", "normalize": true}, {"topK": 1322, "shrink": 387, "similarity": "jaccard", "normalize": true}, {"topK": 357, "shrink": 2783, "similarity": "jaccard", "normalize": false}, {"topK": 1962, "shrink": 1617, "similarity": "jaccard", "normalize": true}, {"topK": 828, "shrink": 1819, "similarity": "jaccard", "normalize": false}, {"topK": 1033, "shrink": 1889, "similarity": "jaccard", "normalize": true}, {"topK": 402, "shrink": 2974, "similarity": "jaccard", "normalize": true}, {"topK": 1971, "shrink": 2524, "similarity": "jaccard", "normalize": false}, {"topK": 1227, "shrink": 1010, "similarity": "jaccard", "normalize": false}, {"topK": 115, "shrink": 2628, "similarity": "jaccard", "normalize": false}, {"topK": 633, "shrink": 403, "similarity": "jaccard", "normalize": false}, {"topK": 310, "shrink": 98, "similarity": "jaccard", "normalize": true}, {"topK": 305, "shrink": 1647, "similarity": "jaccard", "normalize": false}, {"topK": 1140, "shrink": 1222, "similarity": "jaccard", "normalize": true}, {"topK": 1326, "shrink": 618, "similarity": "jaccard", "normalize": true}, {"topK": 837, "shrink": 1569, "similarity": "jaccard", "normalize": true}, {"topK": 1025, "shrink": 643, "similarity": "jaccard", "normalize": true}, {"topK": 1734, "shrink": 545, "similarity": "jaccard", "normalize": true}, {"topK": 1522, "shrink": 2494, "similarity": "jaccard", "normalize": true}, {"topK": 1421, "shrink": 2424, "similarity": "jaccard", "normalize": true}, {"topK": 162, "shrink": 847, "similarity": "jaccard", "normalize": false}, {"topK": 645, "shrink": 228, "similarity": "jaccard", "normalize": false}, {"topK": 492, "shrink": 820, "similarity": "jaccard", "normalize": true}, {"topK": 1443, "shrink": 2208, "similarity": "jaccard", "normalize": false}, {"topK": 399, "shrink": 1781, "similarity": "jaccard", "normalize": true}, {"topK": 1520, "shrink": 247, "similarity": "jaccard", "normalize": false}, {"topK": 1195, "shrink": 633, "similarity": "jaccard", "normalize": false}, {"topK": 1138, "shrink": 180, "similarity": "jaccard", "normalize": false}, {"topK": 921, "shrink": 2823, "similarity": "jaccard", "normalize": false}, {"topK": 1534, "shrink": 1943, "similarity": "jaccard", "normalize": true}, {"topK": 1870, "shrink": 235, "similarity": "jaccard", "normalize": false}, {"topK": 1158, "shrink": 571, "similarity": "jaccard", "normalize": false}, {"topK": 1696, "shrink": 2578, "similarity": "jaccard", "normalize": false}, {"topK": 1861, "shrink": 621, "similarity": "jaccard", "normalize": false}, {"topK": 54, "shrink": 2213, "similarity": "jaccard", "normalize": true}, {"topK": 1186, "shrink": 1975, "similarity": "jaccard", "normalize": false}, {"topK": 404, "shrink": 293, "similarity": "jaccard", "normalize": false}, {"topK": 966, "shrink": 970, "similarity": "jaccard", "normalize": false}, {"topK": 1799, "shrink": 618, "similarity": "jaccard", "normalize": false}, {"topK": 1559, "shrink": 1254, "similarity": "jaccard", "normalize": true}, {"topK": 632, "shrink": 2326, "similarity": "jaccard", "normalize": false}, {"topK": 1263, "shrink": 2540, "similarity": "jaccard", "normalize": true}, {"topK": 764, "shrink": 541, "similarity": "jaccard", "normalize": false}, {"topK": 1205, "shrink": 2087, "similarity": "jaccard", "normalize": false}, {"topK": 267, "shrink": 1496, "similarity": "jaccard", "normalize": false}, {"topK": 1127, "shrink": 1236, "similarity": "jaccard", "normalize": true}, {"topK": 1161, "shrink": 446, "similarity": "jaccard", "normalize": false}, {"topK": 733, "shrink": 2219, "similarity": "jaccard", "normalize": true}, {"topK": 1045, "shrink": 1688, "similarity": "jaccard", "normalize": false}, {"topK": 1699, "shrink": 137, "similarity": "jaccard", "normalize": true}, {"topK": 55, "shrink": 1599, "similarity": "jaccard", "normalize": false}, {"topK": 191, "shrink": 1638, "similarity": "jaccard", "normalize": true}, {"topK": 1884, "shrink": 1896, "similarity": "jaccard", "normalize": true}, {"topK": 353, "shrink": 2364, "similarity": "jaccard", "normalize": true}, {"topK": 1533, "shrink": 236, "similarity": "jaccard", "normalize": false}, {"topK": 307, "shrink": 2845, "similarity": "jaccard", "normalize": false}, {"topK": 379, "shrink": 1922, "similarity": "jaccard", "normalize": false}, {"topK": 1162, "shrink": 2304, "similarity": "jaccard", "normalize": false}, {"topK": 419, "shrink": 2553, "similarity": "jaccard", "normalize": true}, {"topK": 660, "shrink": 2585, "similarity": "jaccard", "normalize": false}, {"topK": 935, "shrink": 745, "similarity": "jaccard", "normalize": false}, {"topK": 1379, "shrink": 943, "similarity": "jaccard", "normalize": true}, {"topK": 1734, "shrink": 404, "similarity": "jaccard", "normalize": true}, {"topK": 1415, "shrink": 65, "similarity": "jaccard", "normalize": false}, {"topK": 1282, "shrink": 2613, "similarity": "jaccard", "normalize": false}, {"topK": 280, "shrink": 928, "similarity": "jaccard", "normalize": false}, {"topK": 818, "shrink": 2122, "similarity": "jaccard", "normalize": false}, {"topK": 1953, "shrink": 916, "similarity": "jaccard", "normalize": true}, {"topK": 542, "shrink": 2640, "similarity": "jaccard", "normalize": false}, {"topK": 1657, "shrink": 501, "similarity": "jaccard", "normalize": true}, {"topK": 1360, "shrink": 2853, "similarity": "jaccard", "normalize": true}, {"topK": 235, "shrink": 908, "similarity": "jaccard", "normalize": true}, {"topK": 493, "shrink": 2411, "similarity": "jaccard", "normalize": true}, {"topK": 479, "shrink": 501, "similarity": "jaccard", "normalize": false}, {"topK": 1891, "shrink": 469, "similarity": "jaccard", "normalize": true}, {"topK": 695, "shrink": 1469, "similarity": "jaccard", "normalize": true}, {"topK": 1062, "shrink": 187, "similarity": "jaccard", "normalize": false}, {"topK": 574, "shrink": 641, "similarity": "jaccard", "normalize": false}, {"topK": 456, "shrink": 1908, "similarity": "jaccard", "normalize": true}, {"topK": 311, "shrink": 136, "similarity": "jaccard", "normalize": true}, {"topK": 1268, "shrink": 1994, "similarity": "jaccard", "normalize": false}, {"topK": 1860, "shrink": 200, "similarity": "jaccard", "normalize": false}, {"topK": 860, "shrink": 1236, "similarity": "jaccard", "normalize": false}, {"topK": 911, "shrink": 2497, "similarity": "jaccard", "normalize": false}, {"topK": 1638, "shrink": 746, "similarity": "jaccard", "normalize": false}, {"topK": 626, "shrink": 1633, "similarity": "jaccard", "normalize": true}, {"topK": 1398, "shrink": 2945, "similarity": "jaccard", "normalize": true}, {"topK": 164, "shrink": 937, "similarity": "jaccard", "normalize": true}, {"topK": 1468, "shrink": 1922, "similarity": "jaccard", "normalize": true}, {"topK": 387, "shrink": 2401, "similarity": "jaccard", "normalize": false}, {"topK": 1973, "shrink": 2473, "similarity": "jaccard", "normalize": true}, {"topK": 215, "shrink": 1020, "similarity": "jaccard", "normalize": true}, {"topK": 1982, "shrink": 1346, "similarity": "jaccard", "normalize": false}, {"topK": 1331, "shrink": 2994, "similarity": "jaccard", "normalize": true}, {"topK": 1653, "shrink": 764, "similarity": "jaccard", "normalize": true}, {"topK": 961, "shrink": 2092, "similarity": "jaccard", "normalize": false}, {"topK": 184, "shrink": 1701, "similarity": "jaccard", "normalize": false}, {"topK": 1216, "shrink": 1444, "similarity": "jaccard", "normalize": false}, {"topK": 1507, "shrink": 402, "similarity": "jaccard", "normalize": true}, {"topK": 1019, "shrink": 2015, "similarity": "jaccard", "normalize": false}, {"topK": 1512, "shrink": 2453, "similarity": "jaccard", "normalize": true}, {"topK": 597, "shrink": 1775, "similarity": "jaccard", "normalize": true}, {"topK": 207, "shrink": 2099, "similarity": "jaccard", "normalize": false}, {"topK": 380, "shrink": 1741, "similarity": "jaccard", "normalize": true}, {"topK": 1358, "shrink": 1736, "similarity": "jaccard", "normalize": false}, {"topK": 1490, "shrink": 2954, "similarity": "jaccard", "normalize": true}, {"topK": 1290, "shrink": 2438, "similarity": "jaccard", "normalize": true}, {"topK": 500, "shrink": 2742, "similarity": "jaccard", "normalize": false}, {"topK": 1637, "shrink": 1201, "similarity": "jaccard", "normalize": true}, {"topK": 1204, "shrink": 587, "similarity": "jaccard", "normalize": false}, {"topK": 712, "shrink": 2398, "similarity": "jaccard", "normalize": true}, {"topK": 1926, "shrink": 972, "similarity": "jaccard", "normalize": true}, {"topK": 274, "shrink": 2435, "similarity": "jaccard", "normalize": true}, {"topK": 457, "shrink": 73, "similarity": "jaccard", "normalize": false}, {"topK": 1123, "shrink": 1734, "similarity": "jaccard", "normalize": false}, {"topK": 1003, "shrink": 1992, "similarity": "jaccard", "normalize": true}, {"topK": 251, "shrink": 210, "similarity": "jaccard", "normalize": false}, {"topK": 143, "shrink": 362, "similarity": "jaccard", "normalize": false}, {"topK": 613, "shrink": 2543, "similarity": "jaccard", "normalize": false}, {"topK": 1261, "shrink": 229, "similarity": "jaccard", "normalize": true}, {"topK": 109, "shrink": 2401, "similarity": "jaccard", "normalize": false}, {"topK": 1938, "shrink": 749, "similarity": "jaccard", "normalize": false}, {"topK": 492, "shrink": 644, "similarity": "jaccard", "normalize": true}, {"topK": 788, "shrink": 383, "similarity": "jaccard", "normalize": true}, {"topK": 1371, "shrink": 2393, "similarity": "jaccard", "normalize": true}, {"topK": 1015, "shrink": 1688, "similarity": "jaccard", "normalize": false}, {"topK": 731, "shrink": 2615, "similarity": "jaccard", "normalize": true}, {"topK": 837, "shrink": 1961, "similarity": "jaccard", "normalize": false}, {"topK": 1860, "shrink": 1227, "similarity": "jaccard", "normalize": false}, {"topK": 470, "shrink": 1825, "similarity": "jaccard", "normalize": true}, {"topK": 542, "shrink": 2816, "similarity": "jaccard", "normalize": true}, {"topK": 1715, "shrink": 2666, "similarity": "jaccard", "normalize": false}, {"topK": 432, "shrink": 982, "similarity": "jaccard", "normalize": false}, {"topK": 924, "shrink": 1242, "similarity": "jaccard", "normalize": true}, {"topK": 313, "shrink": 1330, "similarity": "jaccard", "normalize": false}, {"topK": 631, "shrink": 2490, "similarity": "jaccard", "normalize": false}, {"topK": 1703, "shrink": 1146, "similarity": "jaccard", "normalize": true}, {"topK": 501, "shrink": 1248, "similarity": "jaccard", "normalize": false}, {"topK": 347, "shrink": 1238, "similarity": "jaccard", "normalize": true}, {"topK": 652, "shrink": 1895, "similarity": "jaccard", "normalize": true}, {"topK": 1738, "shrink": 2165, "similarity": "jaccard", "normalize": true}, {"topK": 510, "shrink": 2968, "similarity": "jaccard", "normalize": true}, {"topK": 1324, "shrink": 2234, "similarity": "jaccard", "normalize": false}, {"topK": 867, "shrink": 1323, "similarity": "jaccard", "normalize": false}, {"topK": 1583, "shrink": 1163, "similarity": "jaccard", "normalize": true}, {"topK": 843, "shrink": 460, "similarity": "jaccard", "normalize": true}, {"topK": 628, "shrink": 1561, "similarity": "jaccard", "normalize": false}, {"topK": 141, "shrink": 2056, "similarity": "jaccard", "normalize": true}, {"topK": 1202, "shrink": 312, "similarity": "jaccard", "normalize": true}, {"topK": 1718, "shrink": 2289, "similarity": "jaccard", "normalize": true}, {"topK": 1884, "shrink": 1372, "similarity": "jaccard", "normalize": false}, {"topK": 367, "shrink": 1844, "similarity": "jaccard", "normalize": true}, {"topK": 1970, "shrink": 2529, "similarity": "jaccard", "normalize": false}, {"topK": 163, "shrink": 454, "similarity": "jaccard", "normalize": true}, {"topK": 1572, "shrink": 2097, "similarity": "jaccard", "normalize": false}, {"topK": 709, "shrink": 300, "similarity": "jaccard", "normalize": true}, {"topK": 1667, "shrink": 860, "similarity": "jaccard", "normalize": true}, {"topK": 544, "shrink": 1606, "similarity": "jaccard", "normalize": true}, {"topK": 1535, "shrink": 1088, "similarity": "jaccard", "normalize": false}, {"topK": 1204, "shrink": 2115, "similarity": "jaccard", "normalize": false}, {"topK": 570, "shrink": 718, "similarity": "jaccard", "normalize": true}, {"topK": 399, "shrink": 1630, "similarity": "jaccard", "normalize": true}, {"topK": 558, "shrink": 461, "similarity": "jaccard", "normalize": true}, {"topK": 1426, "shrink": 1059, "similarity": "jaccard", "normalize": true}, {"topK": 111, "shrink": 1454, "similarity": "jaccard", "normalize": false}, {"topK": 112, "shrink": 1825, "similarity": "jaccard", "normalize": false}, {"topK": 1869, "shrink": 1066, "similarity": "jaccard", "normalize": true}, {"topK": 1788, "shrink": 701, "similarity": "jaccard", "normalize": true}, {"topK": 765, "shrink": 1033, "similarity": "jaccard", "normalize": false}, {"topK": 945, "shrink": 296, "similarity": "jaccard", "normalize": false}, {"topK": 592, "shrink": 54, "similarity": "jaccard", "normalize": false}, {"topK": 999, "shrink": 1369, "similarity": "jaccard", "normalize": false}, {"topK": 988, "shrink": 943, "similarity": "jaccard", "normalize": false}, {"topK": 593, "shrink": 515, "similarity": "jaccard", "normalize": true}, {"topK": 936, "shrink": 923, "similarity": "jaccard", "normalize": true}, {"topK": 515, "shrink": 1933, "similarity": "jaccard", "normalize": false}, {"topK": 213, "shrink": 2937, "similarity": "jaccard", "normalize": true}, {"topK": 941, "shrink": 1027, "similarity": "jaccard", "normalize": false}, {"topK": 1922, "shrink": 1003, "similarity": "jaccard", "normalize": false}, {"topK": 1801, "shrink": 1864, "similarity": "jaccard", "normalize": true}, {"topK": 1935, "shrink": 1950, "similarity": "jaccard", "normalize": false}, {"topK": 952, "shrink": 57, "similarity": "jaccard", "normalize": false}, {"topK": 87, "shrink": 1395, "similarity": "jaccard", "normalize": true}, {"topK": 550, "shrink": 659, "similarity": "jaccard", "normalize": true}, {"topK": 1414, "shrink": 2329, "similarity": "jaccard", "normalize": true}, {"topK": 828, "shrink": 1936, "similarity": "jaccard", "normalize": true}, {"topK": 807, "shrink": 1175, "similarity": "jaccard", "normalize": false}, {"topK": 555, "shrink": 2823, "similarity": "jaccard", "normalize": true}, {"topK": 1602, "shrink": 950, "similarity": "jaccard", "normalize": false}, {"topK": 136, "shrink": 2814, "similarity": "jaccard", "normalize": false}, {"topK": 1454, "shrink": 1836, "similarity": "jaccard", "normalize": false}, {"topK": 404, "shrink": 877, "similarity": "jaccard", "normalize": false}, {"topK": 1470, "shrink": 1740, "similarity": "jaccard", "normalize": true}, {"topK": 387, "shrink": 380, "similarity": "jaccard", "normalize": true}, {"topK": 1960, "shrink": 1749, "similarity": "jaccard", "normalize": false}, {"topK": 1358, "shrink": 718, "similarity": "jaccard", "normalize": true}, {"topK": 1599, "shrink": 652, "similarity": "jaccard", "normalize": false}, {"topK": 1328, "shrink": 2263, "similarity": "jaccard", "normalize": false}, {"topK": 1560, "shrink": 2529, "similarity": "jaccard", "normalize": true}, {"topK": 1727, "shrink": 953, "similarity": "jaccard", "normalize": true}, {"topK": 1900, "shrink": 741, "similarity": "jaccard", "normalize": false}, {"topK": 1660, "shrink": 1325, "similarity": "jaccard", "normalize": false}, {"topK": 124, "shrink": 463, "similarity": "jaccard", "normalize": false}, {"topK": 70, "shrink": 69, "similarity": "jaccard", "normalize": false}, {"topK": 1778, "shrink": 2296, "similarity": "jaccard", "normalize": true}, {"topK": 710, "shrink": 844, "similarity": "jaccard", "normalize": false}, {"topK": 423, "shrink": 291, "similarity": "jaccard", "normalize": true}, {"topK": 296, "shrink": 2526, "similarity": "jaccard", "normalize": false}, {"topK": 1539, "shrink": 1681, "similarity": "jaccard", "normalize": false}, {"topK": 1198, "shrink": 345, "similarity": "jaccard", "normalize": true}, {"topK": 65, "shrink": 644, "similarity": "jaccard", "normalize": true}, {"topK": 622, "shrink": 464, "similarity": "jaccard", "normalize": true}, {"topK": 1694, "shrink": 2450, "similarity": "jaccard", "normalize": true}, {"topK": 229, "shrink": 2196, "similarity": "jaccard", "normalize": false}, {"topK": 1707, "shrink": 1009, "similarity": "jaccard", "normalize": false}, {"topK": 1300, "shrink": 720, "similarity": "jaccard", "normalize": false}, {"topK": 1247, "shrink": 1971, "similarity": "jaccard", "normalize": true}, {"topK": 1349, "shrink": 2144, "similarity": "jaccard", "normalize": false}, {"topK": 191, "shrink": 2792, "similarity": "jaccard", "normalize": false}, {"topK": 531, "shrink": 1577, "similarity": "jaccard", "normalize": false}, {"topK": 345, "shrink": 1696, "similarity": "jaccard", "normalize": false}, {"topK": 1091, "shrink": 1106, "similarity": "jaccard", "normalize": false}, {"topK": 1896, "shrink": 1638, "similarity": "jaccard", "normalize": true}, {"topK": 227, "shrink": 2309, "similarity": "jaccard", "normalize": false}, {"topK": 848, "shrink": 1860, "similarity": "jaccard", "normalize": true}, {"topK": 390, "shrink": 1554, "similarity": "jaccard", "normalize": true}, {"topK": 1347, "shrink": 2675, "similarity": "jaccard", "normalize": true}, {"topK": 223, "shrink": 586, "similarity": "jaccard", "normalize": true}, {"topK": 375, "shrink": 953, "similarity": "jaccard", "normalize": false}, {"topK": 1648, "shrink": 2917, "similarity": "jaccard", "normalize": false}, {"topK": 1333, "shrink": 929, "similarity": "jaccard", "normalize": true}, {"topK": 72, "shrink": 653, "similarity": "jaccard", "normalize": true}, {"topK": 712, "shrink": 1692, "similarity": "jaccard", "normalize": true}, {"topK": 1809, "shrink": 1247, "similarity": "jaccard", "normalize": true}, {"topK": 821, "shrink": 1453, "similarity": "jaccard", "normalize": false}, {"topK": 900, "shrink": 2057, "similarity": "jaccard", "normalize": false}, {"topK": 1703, "shrink": 2323, "similarity": "jaccard", "normalize": false}, {"topK": 838, "shrink": 1967, "similarity": "jaccard", "normalize": false}, {"topK": 1157, "shrink": 2973, "similarity": "jaccard", "normalize": false}, {"topK": 1154, "shrink": 88, "similarity": "jaccard", "normalize": true}, {"topK": 1681, "shrink": 1041, "similarity": "jaccard", "normalize": false}, {"topK": 192, "shrink": 2684, "similarity": "jaccard", "normalize": true}, {"topK": 1898, "shrink": 152, "similarity": "jaccard", "normalize": true}, {"topK": 786, "shrink": 596, "similarity": "jaccard", "normalize": true}, {"topK": 1949, "shrink": 2658, "similarity": "jaccard", "normalize": false}, {"topK": 1762, "shrink": 1915, "similarity": "jaccard", "normalize": true}, {"topK": 1877, "shrink": 2798, "similarity": "jaccard", "normalize": false}, {"topK": 1933, "shrink": 953, "similarity": "jaccard", "normalize": false}, {"topK": 699, "shrink": 795, "similarity": "jaccard", "normalize": false}, {"topK": 1702, "shrink": 207, "similarity": "jaccard", "normalize": true}, {"topK": 372, "shrink": 461, "similarity": "jaccard", "normalize": true}, {"topK": 120, "shrink": 1730, "similarity": "jaccard", "normalize": false}, {"topK": 741, "shrink": 2111, "similarity": "jaccard", "normalize": false}, {"topK": 1919, "shrink": 2546, "similarity": "jaccard", "normalize": true}, {"topK": 1602, "shrink": 530, "similarity": "jaccard", "normalize": true}, {"topK": 80, "shrink": 789, "similarity": "jaccard", "normalize": true}, {"topK": 1970, "shrink": 2331, "similarity": "jaccard", "normalize": true}, {"topK": 1938, "shrink": 169, "similarity": "jaccard", "normalize": false}, {"topK": 488, "shrink": 536, "similarity": "jaccard", "normalize": true}, {"topK": 510, "shrink": 308, "similarity": "jaccard", "normalize": false}, {"topK": 1960, "shrink": 1568, "similarity": "jaccard", "normalize": false}, {"topK": 192, "shrink": 904, "similarity": "jaccard", "normalize": false}, {"topK": 724, "shrink": 1063, "similarity": "jaccard", "normalize": true}, {"topK": 506, "shrink": 1770, "similarity": "jaccard", "normalize": true}, {"topK": 1175, "shrink": 1908, "similarity": "jaccard", "normalize": true}, {"topK": 474, "shrink": 2915, "similarity": "jaccard", "normalize": true}, {"topK": 53, "shrink": 2323, "similarity": "jaccard", "normalize": false}, {"topK": 1429, "shrink": 1215, "similarity": "jaccard", "normalize": false}, {"topK": 1262, "shrink": 1759, "similarity": "jaccard", "normalize": false}, {"topK": 1408, "shrink": 411, "similarity": "jaccard", "normalize": true}, {"topK": 1084, "shrink": 1335, "similarity": "jaccard", "normalize": false}, {"topK": 164, "shrink": 323, "similarity": "jaccard", "normalize": false}, {"topK": 477, "shrink": 2092, "similarity": "jaccard", "normalize": true}, {"topK": 1302, "shrink": 1618, "similarity": "jaccard", "normalize": false}, {"topK": 1350, "shrink": 2090, "similarity": "jaccard", "normalize": true}, {"topK": 919, "shrink": 2303, "similarity": "jaccard", "normalize": false}, {"topK": 1738, "shrink": 389, "similarity": "jaccard", "normalize": false}, {"topK": 616, "shrink": 1016, "similarity": "jaccard", "normalize": true}, {"topK": 166, "shrink": 1613, "similarity": "jaccard", "normalize": true}, {"topK": 345, "shrink": 2939, "similarity": "jaccard", "normalize": true}, {"topK": 1590, "shrink": 1915, "similarity": "jaccard", "normalize": true}, {"topK": 1359, "shrink": 1101, "similarity": "jaccard", "normalize": true}, {"topK": 324, "shrink": 2635, "similarity": "jaccard", "normalize": true}, {"topK": 343, "shrink": 2508, "similarity": "jaccard", "normalize": false}, {"topK": 522, "shrink": 421, "similarity": "jaccard", "normalize": true}, {"topK": 1951, "shrink": 2489, "similarity": "jaccard", "normalize": true}, {"topK": 1100, "shrink": 1278, "similarity": "jaccard", "normalize": true}, {"topK": 1439, "shrink": 2442, "similarity": "jaccard", "normalize": true}, {"topK": 500, "shrink": 916, "similarity": "jaccard", "normalize": false}, {"topK": 1204, "shrink": 1317, "similarity": "jaccard", "normalize": true}, {"topK": 1677, "shrink": 606, "similarity": "jaccard", "normalize": true}, {"topK": 1321, "shrink": 625, "similarity": "jaccard", "normalize": true}, {"topK": 557, "shrink": 927, "similarity": "jaccard", "normalize": true}, {"topK": 523, "shrink": 2795, "similarity": "jaccard", "normalize": false}, {"topK": 1760, "shrink": 612, "similarity": "jaccard", "normalize": true}, {"topK": 552, "shrink": 2141, "similarity": "jaccard", "normalize": true}, {"topK": 899, "shrink": 2364, "similarity": "jaccard", "normalize": false}, {"topK": 996, "shrink": 2351, "similarity": "jaccard", "normalize": false}, {"topK": 663, "shrink": 2519, "similarity": "jaccard", "normalize": true}, {"topK": 1242, "shrink": 2057, "similarity": "jaccard", "normalize": true}, {"topK": 477, "shrink": 1234, "similarity": "jaccard", "normalize": true}, {"topK": 1610, "shrink": 2433, "similarity": "jaccard", "normalize": true}, {"topK": 319, "shrink": 2637, "similarity": "jaccard", "normalize": false}, {"topK": 1308, "shrink": 2351, "similarity": "jaccard", "normalize": false}, {"topK": 850, "shrink": 1825, "similarity": "jaccard", "normalize": true}, {"topK": 513, "shrink": 515, "similarity": "jaccard", "normalize": false}, {"topK": 718, "shrink": 2183, "similarity": "jaccard", "normalize": true}, {"topK": 1847, "shrink": 688, "similarity": "jaccard", "normalize": true}, {"topK": 1315, "shrink": 623, "similarity": "jaccard", "normalize": true}, {"topK": 393, "shrink": 205, "similarity": "jaccard", "normalize": false}, {"topK": 313, "shrink": 1210, "similarity": "jaccard", "normalize": false}, {"topK": 722, "shrink": 1727, "similarity": "jaccard", "normalize": true}, {"topK": 1916, "shrink": 568, "similarity": "jaccard", "normalize": false}, {"topK": 1953, "shrink": 1330, "similarity": "jaccard", "normalize": true}, {"topK": 1677, "shrink": 2346, "similarity": "jaccard", "normalize": false}, {"topK": 179, "shrink": 268, "similarity": "jaccard", "normalize": true}, {"topK": 1650, "shrink": 1536, "similarity": "jaccard", "normalize": true}, {"topK": 1425, "shrink": 69, "similarity": "jaccard", "normalize": false}, {"topK": 1960, "shrink": 1195, "similarity": "jaccard", "normalize": false}, {"topK": 1551, "shrink": 1298, "similarity": "jaccard", "normalize": true}, {"topK": 811, "shrink": 1055, "similarity": "jaccard", "normalize": false}, {"topK": 1926, "shrink": 1804, "similarity": "jaccard", "normalize": true}, {"topK": 699, "shrink": 1151, "similarity": "jaccard", "normalize": false}, {"topK": 1408, "shrink": 133, "similarity": "jaccard", "normalize": false}, {"topK": 745, "shrink": 2722, "similarity": "jaccard", "normalize": true}, {"topK": 1842, "shrink": 856, "similarity": "jaccard", "normalize": false}, {"topK": 817, "shrink": 1196, "similarity": "jaccard", "normalize": true}, {"topK": 1962, "shrink": 340, "similarity": "jaccard", "normalize": true}, {"topK": 685, "shrink": 515, "similarity": "jaccard", "normalize": true}, {"topK": 1188, "shrink": 2840, "similarity": "jaccard", "normalize": true}, {"topK": 761, "shrink": 1994, "similarity": "jaccard", "normalize": true}, {"topK": 1888, "shrink": 2701, "similarity": "jaccard", "normalize": true}, {"topK": 1898, "shrink": 1210, "similarity": "jaccard", "normalize": true}, {"topK": 1944, "shrink": 2623, "similarity": "jaccard", "normalize": true}, {"topK": 136, "shrink": 1468, "similarity": "jaccard", "normalize": true}, {"topK": 1116, "shrink": 1668, "similarity": "jaccard", "normalize": false}, {"topK": 1651, "shrink": 125, "similarity": "jaccard", "normalize": true}, {"topK": 460, "shrink": 764, "similarity": "jaccard", "normalize": false}, {"topK": 653, "shrink": 2763, "similarity": "jaccard", "normalize": false}, {"topK": 1526, "shrink": 1164, "similarity": "jaccard", "normalize": true}, {"topK": 1328, "shrink": 1572, "similarity": "jaccard", "normalize": false}, {"topK": 1053, "shrink": 2791, "similarity": "jaccard", "normalize": true}, {"topK": 206, "shrink": 419, "similarity": "jaccard", "normalize": true}, {"topK": 1116, "shrink": 985, "similarity": "jaccard", "normalize": true}, {"topK": 659, "shrink": 692, "similarity": "jaccard", "normalize": true}, {"topK": 253, "shrink": 1074, "similarity": "jaccard", "normalize": false}, {"topK": 1061, "shrink": 2091, "similarity": "jaccard", "normalize": true}, {"topK": 1846, "shrink": 2783, "similarity": "jaccard", "normalize": true}, {"topK": 765, "shrink": 919, "similarity": "jaccard", "normalize": true}, {"topK": 1960, "shrink": 742, "similarity": "jaccard", "normalize": false}, {"topK": 138, "shrink": 634, "similarity": "jaccard", "normalize": false}, {"topK": 851, "shrink": 210, "similarity": "jaccard", "normalize": true}, {"topK": 1475, "shrink": 499, "similarity": "jaccard", "normalize": false}, {"topK": 1259, "shrink": 1154, "similarity": "jaccard", "normalize": true}, {"topK": 1256, "shrink": 1706, "similarity": "jaccard", "normalize": true}, {"topK": 1287, "shrink": 1527, "similarity": "jaccard", "normalize": false}, {"topK": 1399, "shrink": 1584, "similarity": "jaccard", "normalize": false}, {"topK": 1023, "shrink": 2291, "similarity": "jaccard", "normalize": true}, {"topK": 345, "shrink": 972, "similarity": "jaccard", "normalize": true}, {"topK": 404, "shrink": 2395, "similarity": "jaccard", "normalize": true}, {"topK": 1714, "shrink": 761, "similarity": "jaccard", "normalize": true}, {"topK": 300, "shrink": 2678, "similarity": "jaccard", "normalize": true}, {"topK": 710, "shrink": 690, "similarity": "jaccard", "normalize": true}, {"topK": 213, "shrink": 991, "similarity": "jaccard", "normalize": false}, {"topK": 1858, "shrink": 2180, "similarity": "jaccard", "normalize": false}, {"topK": 413, "shrink": 1304, "similarity": "jaccard", "normalize": true}, {"topK": 231, "shrink": 969, "similarity": "jaccard", "normalize": true}, {"topK": 472, "shrink": 1448, "similarity": "jaccard", "normalize": false}, {"topK": 1340, "shrink": 2059, "similarity": "jaccard", "normalize": true}, {"topK": 66, "shrink": 1667, "similarity": "jaccard", "normalize": true}, {"topK": 1356, "shrink": 1114, "similarity": "jaccard", "normalize": true}, {"topK": 1485, "shrink": 2787, "similarity": "jaccard", "normalize": false}, {"topK": 595, "shrink": 2628, "similarity": "jaccard", "normalize": true}, {"topK": 456, "shrink": 1929, "similarity": "jaccard", "normalize": true}, {"topK": 1974, "shrink": 999, "similarity": "jaccard", "normalize": false}, {"topK": 1532, "shrink": 2795, "similarity": "jaccard", "normalize": false}, {"topK": 1236, "shrink": 1148, "similarity": "jaccard", "normalize": false}, {"topK": 1784, "shrink": 2965, "similarity": "jaccard", "normalize": true}, {"topK": 1332, "shrink": 1385, "similarity": "jaccard", "normalize": true}, {"topK": 1305, "shrink": 1645, "similarity": "jaccard", "normalize": false}, {"topK": 180, "shrink": 1265, "similarity": "jaccard", "normalize": false}, {"topK": 219, "shrink": 1967, "similarity": "jaccard", "normalize": true}, {"topK": 1196, "shrink": 1431, "similarity": "jaccard", "normalize": true}, {"topK": 1947, "shrink": 1056, "similarity": "jaccard", "normalize": true}, {"topK": 1373, "shrink": 2524, "similarity": "jaccard", "normalize": true}, {"topK": 74, "shrink": 918, "similarity": "jaccard", "normalize": false}, {"topK": 818, "shrink": 143, "similarity": "jaccard", "normalize": false}, {"topK": 1052, "shrink": 235, "similarity": "jaccard", "normalize": true}, {"topK": 964, "shrink": 1046, "similarity": "jaccard", "normalize": false}, {"topK": 388, "shrink": 2532, "similarity": "jaccard", "normalize": false}, {"topK": 1143, "shrink": 2253, "similarity": "jaccard", "normalize": false}, {"topK": 1260, "shrink": 1785, "similarity": "jaccard", "normalize": true}, {"topK": 935, "shrink": 2940, "similarity": "jaccard", "normalize": false}, {"topK": 520, "shrink": 1238, "similarity": "jaccard", "normalize": true}, {"topK": 1354, "shrink": 2779, "similarity": "jaccard", "normalize": true}, {"topK": 793, "shrink": 2823, "similarity": "jaccard", "normalize": true}, {"topK": 1179, "shrink": 1044, "similarity": "jaccard", "normalize": true}, {"topK": 73, "shrink": 355, "similarity": "jaccard", "normalize": false}, {"topK": 933, "shrink": 2147, "similarity": "jaccard", "normalize": false}, {"topK": 647, "shrink": 1189, "similarity": "jaccard", "normalize": true}, {"topK": 1908, "shrink": 251, "similarity": "jaccard", "normalize": false}, {"topK": 1366, "shrink": 1703, "similarity": "jaccard", "normalize": true}, {"topK": 1316, "shrink": 1204, "similarity": "jaccard", "normalize": false}, {"topK": 238, "shrink": 885, "similarity": "jaccard", "normalize": false}, {"topK": 482, "shrink": 854, "similarity": "jaccard", "normalize": false}, {"topK": 1841, "shrink": 1659, "similarity": "jaccard", "normalize": false}, {"topK": 1762, "shrink": 2798, "similarity": "jaccard", "normalize": false}, {"topK": 1239, "shrink": 1774, "similarity": "jaccard", "normalize": true}, {"topK": 778, "shrink": 2413, "similarity": "jaccard", "normalize": true}, {"topK": 1967, "shrink": 705, "similarity": "jaccard", "normalize": false}, {"topK": 1763, "shrink": 1709, "similarity": "jaccard", "normalize": false}, {"topK": 1047, "shrink": 925, "similarity": "jaccard", "normalize": true}, {"topK": 1229, "shrink": 1055, "similarity": "jaccard", "normalize": true}, {"topK": 1072, "shrink": 1820, "similarity": "jaccard", "normalize": false}, {"topK": 1128, "shrink": 1063, "similarity": "jaccard", "normalize": false}, {"topK": 1653, "shrink": 806, "similarity": "jaccard", "normalize": false}, {"topK": 186, "shrink": 2090, "similarity": "jaccard", "normalize": true}, {"topK": 1978, "shrink": 545, "similarity": "jaccard", "normalize": false}, {"topK": 716, "shrink": 1613, "similarity": "jaccard", "normalize": true}, {"topK": 1789, "shrink": 2201, "similarity": "jaccard", "normalize": false}, {"topK": 659, "shrink": 2140, "similarity": "jaccard", "normalize": true}, {"topK": 138, "shrink": 532, "similarity": "jaccard", "normalize": false}, {"topK": 845, "shrink": 1989, "similarity": "jaccard", "normalize": true}, {"topK": 998, "shrink": 1145, "similarity": "jaccard", "normalize": true}, {"topK": 347, "shrink": 2199, "similarity": "jaccard", "normalize": true}, {"topK": 276, "shrink": 152, "similarity": "jaccard", "normalize": true}, {"topK": 975, "shrink": 2697, "similarity": "jaccard", "normalize": true}, {"topK": 1756, "shrink": 1774, "similarity": "jaccard", "normalize": false}, {"topK": 1965, "shrink": 163, "similarity": "jaccard", "normalize": true}, {"topK": 958, "shrink": 2136, "similarity": "jaccard", "normalize": false}, {"topK": 1558, "shrink": 1345, "similarity": "jaccard", "normalize": false}, {"topK": 1821, "shrink": 2963, "similarity": "jaccard", "normalize": false}, {"topK": 946, "shrink": 1049, "similarity": "jaccard", "normalize": true}, {"topK": 1416, "shrink": 1338, "similarity": "jaccard", "normalize": false}, {"topK": 953, "shrink": 2951, "similarity": "jaccard", "normalize": true}, {"topK": 1130, "shrink": 1085, "similarity": "jaccard", "normalize": false}, {"topK": 827, "shrink": 1903, "similarity": "jaccard", "normalize": false}, {"topK": 1399, "shrink": 986, "similarity": "jaccard", "normalize": false}, {"topK": 1321, "shrink": 2945, "similarity": "jaccard", "normalize": true}, {"topK": 180, "shrink": 334, "similarity": "jaccard", "normalize": true}, {"topK": 394, "shrink": 909, "similarity": "jaccard", "normalize": true}, {"topK": 1153, "shrink": 1089, "similarity": "jaccard", "normalize": true}, {"topK": 445, "shrink": 2295, "similarity": "jaccard", "normalize": false}, {"topK": 118, "shrink": 1910, "similarity": "jaccard", "normalize": false}, {"topK": 1401, "shrink": 2040, "similarity": "jaccard", "normalize": false}, {"topK": 1762, "shrink": 1810, "similarity": "jaccard", "normalize": false}, {"topK": 519, "shrink": 87, "similarity": "jaccard", "normalize": true}, {"topK": 122, "shrink": 2115, "similarity": "jaccard", "normalize": true}, {"topK": 1105, "shrink": 617, "similarity": "jaccard", "normalize": true}, {"topK": 1002, "shrink": 1002, "similarity": "jaccard", "normalize": true}, {"topK": 1816, "shrink": 1348, "similarity": "jaccard", "normalize": true}, {"topK": 1670, "shrink": 2958, "similarity": "jaccard", "normalize": true}, {"topK": 310, "shrink": 1531, "similarity": "jaccard", "normalize": true}, {"topK": 480, "shrink": 362, "similarity": "jaccard", "normalize": false}, {"topK": 1640, "shrink": 2125, "similarity": "jaccard", "normalize": false}, {"topK": 241, "shrink": 842, "similarity": "jaccard", "normalize": false}, {"topK": 1527, "shrink": 2332, "similarity": "jaccard", "normalize": false}, {"topK": 1533, "shrink": 917, "similarity": "jaccard", "normalize": false}, {"topK": 1222, "shrink": 1639, "similarity": "jaccard", "normalize": false}, {"topK": 511, "shrink": 2916, "similarity": "jaccard", "normalize": false}, {"topK": 1807, "shrink": 846, "similarity": "jaccard", "normalize": false}, {"topK": 747, "shrink": 903, "similarity": "jaccard", "normalize": false}, {"topK": 367, "shrink": 2350, "similarity": "jaccard", "normalize": true}, {"topK": 1499, "shrink": 2136, "similarity": "jaccard", "normalize": false}, {"topK": 667, "shrink": 1904, "similarity": "jaccard", "normalize": false}, {"topK": 1757, "shrink": 2110, "similarity": "jaccard", "normalize": true}, {"topK": 734, "shrink": 1684, "similarity": "jaccard", "normalize": true}, {"topK": 1685, "shrink": 1541, "similarity": "jaccard", "normalize": false}, {"topK": 1277, "shrink": 2739, "similarity": "jaccard", "normalize": true}, {"topK": 1067, "shrink": 242, "similarity": "jaccard", "normalize": true}, {"topK": 787, "shrink": 1975, "similarity": "jaccard", "normalize": false}, {"topK": 1488, "shrink": 969, "similarity": "jaccard", "normalize": true}, {"topK": 1263, "shrink": 880, "similarity": "jaccard", "normalize": true}, {"topK": 1338, "shrink": 840, "similarity": "jaccard", "normalize": false}, {"topK": 1774, "shrink": 1520, "similarity": "jaccard", "normalize": true}, {"topK": 1800, "shrink": 1108, "similarity": "jaccard", "normalize": false}, {"topK": 1772, "shrink": 737, "similarity": "jaccard", "normalize": false}, {"topK": 1546, "shrink": 1708, "similarity": "jaccard", "normalize": false}, {"topK": 1554, "shrink": 123, "similarity": "jaccard", "normalize": false}, {"topK": 116, "shrink": 570, "similarity": "jaccard", "normalize": true}, {"topK": 1324, "shrink": 1098, "similarity": "jaccard", "normalize": true}, {"topK": 716, "shrink": 2100, "similarity": "jaccard", "normalize": true}, {"topK": 1095, "shrink": 1420, "similarity": "jaccard", "normalize": false}, {"topK": 790, "shrink": 2663, "similarity": "jaccard", "normalize": true}, {"topK": 343, "shrink": 241, "similarity": "jaccard", "normalize": true}, {"topK": 1989, "shrink": 101, "similarity": "jaccard", "normalize": false}, {"topK": 360, "shrink": 2848, "similarity": "jaccard", "normalize": false}, {"topK": 1410, "shrink": 2162, "similarity": "jaccard", "normalize": false}, {"topK": 383, "shrink": 924, "similarity": "jaccard", "normalize": true}, {"topK": 1077, "shrink": 2724, "similarity": "jaccard", "normalize": true}, {"topK": 283, "shrink": 436, "similarity": "jaccard", "normalize": true}, {"topK": 836, "shrink": 1880, "similarity": "jaccard", "normalize": false}, {"topK": 466, "shrink": 2964, "similarity": "jaccard", "normalize": true}]