[{"topK": 1711, "alpha": 0.5291914821050749, "implicit": true, "normalize_similarity": false}, {"topK": 1592, "alpha": 0.7864510901678168, "implicit": true, "normalize_similarity": false}, {"topK": 978, "alpha": 0.17343651324937717, "implicit": true, "normalize_similarity": false}, {"topK": 413, "alpha": 0.7375242878014734, "implicit": true, "normalize_similarity": false}, {"topK": 1666, "alpha": 0.6860971925708872, "implicit": true, "normalize_similarity": false}, {"topK": 916, "alpha": 0.7855422855373184, "implicit": true, "normalize_similarity": false}, {"topK": 1530, "alpha": 0.5030202786668911, "implicit": true, "normalize_similarity": false}, {"topK": 1718, "alpha": 0.8075301257672411, "implicit": true, "normalize_similarity": false}, {"topK": 1438, "alpha": 0.5369045643266348, "implicit": true, "normalize_similarity": false}, {"topK": 382, "alpha": 0.90133180760442, "implicit": true, "normalize_similarity": false}, {"topK": 74, "alpha": 0.15812624564526437, "implicit": true, "normalize_similarity": false}, {"topK": 764, "alpha": 0.2820100486352963, "implicit": true, "normalize_similarity": false}, {"topK": 291, "alpha": 0.3157997189328475, "implicit": true, "normalize_similarity": false}, {"topK": 754, "alpha": 0.8563378069581209, "implicit": true, "normalize_similarity": false}, {"topK": 858, "alpha": 0.9607228617705581, "implicit": true, "normalize_similarity": false}, {"topK": 1581, "alpha": 0.965387322314565, "implicit": true, "normalize_similarity": false}, {"topK": 372, "alpha": 0.5326167881298736, "implicit": true, "normalize_similarity": false}, {"topK": 1509, "alpha": 0.3705245618009177, "implicit": true, "normalize_similarity": false}, {"topK": 299, "alpha": 0.28124181219417305, "implicit": true, "normalize_similarity": false}, {"topK": 474, "alpha": 0.2488412339832789, "implicit": true, "normalize_similarity": false}, {"topK": 1428, "alpha": 0.4789059868276323, "implicit": true, "normalize_similarity": false}, {"topK": 158, "alpha": 0.2606267620191765, "implicit": true, "normalize_similarity": false}, {"topK": 878, "alpha": 0.5782159559066753, "implicit": true, "normalize_similarity": false}, {"topK": 386, "alpha": 0.6227104341159202, "implicit": true, "normalize_similarity": false}, {"topK": 1397, "alpha": 0.242374261380716, "implicit": true, "normalize_similarity": false}, {"topK": 1699, "alpha": 0.05517000429471931, "implicit": true, "normalize_similarity": false}, {"topK": 495, "alpha": 0.8133854863649904, "implicit": true, "normalize_similarity": false}, {"topK": 1345, "alpha": 0.07518546090337187, "implicit": true, "normalize_similarity": false}, {"topK": 1228, "alpha": 0.7008633208799558, "implicit": true, "normalize_similarity": false}, {"topK": 270, "alpha": 0.022203895239528818, "implicit": true, "normalize_similarity": false}, {"topK": 524, "alpha": 0.6632418086915838, "implicit": true, "normalize_similarity": false}, {"topK": 1701, "alpha": 0.929470662386761, "implicit": true, "normalize_similarity": false}, {"topK": 669, "alpha": 0.3610274555473277, "implicit": true, "normalize_similarity": false}, {"topK": 726, "alpha": 0.5149923676040064, "implicit": true, "normalize_similarity": false}, {"topK": 1291, "alpha": 0.42187277583657035, "implicit": true, "normalize_similarity": false}, {"topK": 1665, "alpha": 0.017244434069371154, "implicit": true, "normalize_similarity": false}, {"topK": 674, "alpha": 0.5043053074941147, "implicit": true, "normalize_similarity": false}, {"topK": 155, "alpha": 0.10262035499571245, "implicit": true, "normalize_similarity": false}, {"topK": 877, "alpha": 0.8414442198519683, "implicit": true, "normalize_similarity": false}, {"topK": 1551, "alpha": 0.2207758914039582, "implicit": true, "normalize_similarity": false}, {"topK": 1703, "alpha": 0.9243017712590359, "implicit": true, "normalize_similarity": false}, {"topK": 1736, "alpha": 0.598429141020583, "implicit": true, "normalize_similarity": false}, {"topK": 1905, "alpha": 0.4623282532349633, "implicit": true, "normalize_similarity": false}, {"topK": 1781, "alpha": 0.21034946713302954, "implicit": true, "normalize_similarity": false}, {"topK": 1705, "alpha": 0.12443169653077382, "implicit": true, "normalize_similarity": false}, {"topK": 838, "alpha": 0.6769640252360801, "implicit": true, "normalize_similarity": false}, {"topK": 1079, "alpha": 0.9750575719946614, "implicit": true, "normalize_similarity": false}, {"topK": 789, "alpha": 0.6934325117619314, "implicit": true, "normalize_similarity": false}, {"topK": 210, "alpha": 0.9220893450354138, "implicit": true, "normalize_similarity": false}, {"topK": 1040, "alpha": 0.7119775654886905, "implicit": true, "normalize_similarity": false}, {"topK": 433, "alpha": 0.5602582005662657, "implicit": true, "normalize_similarity": false}, {"topK": 1719, "alpha": 0.6569331125484199, "implicit": true, "normalize_similarity": false}, {"topK": 1339, "alpha": 0.7576616773317448, "implicit": true, "normalize_similarity": false}, {"topK": 538, "alpha": 0.956484364949808, "implicit": true, "normalize_similarity": false}, {"topK": 59, "alpha": 0.9113059051729601, "implicit": true, "normalize_similarity": false}, {"topK": 1210, "alpha": 0.24148636758555214, "implicit": true, "normalize_similarity": false}, {"topK": 1669, "alpha": 0.8830031778575126, "implicit": true, "normalize_similarity": false}, {"topK": 1496, "alpha": 0.5631815916450726, "implicit": true, "normalize_similarity": false}, {"topK": 1984, "alpha": 0.6131070229988713, "implicit": true, "normalize_similarity": false}, {"topK": 1608, "alpha": 0.7223152507983687, "implicit": true, "normalize_similarity": false}, {"topK": 1666, "alpha": 0.42061657752270576, "implicit": true, "normalize_similarity": false}, {"topK": 652, "alpha": 0.7562739730850389, "implicit": true, "normalize_similarity": false}, {"topK": 501, "alpha": 0.44318695086769566, "implicit": true, "normalize_similarity": false}, {"topK": 1553, "alpha": 0.6690275697120729, "implicit": true, "normalize_similarity": false}, {"topK": 1989, "alpha": 0.8984165791586475, "implicit": true, "normalize_similarity": false}, {"topK": 1902, "alpha": 0.5926086924966778, "implicit": true, "normalize_similarity": false}, {"topK": 1401, "alpha": 0.04447403976151754, "implicit": true, "normalize_similarity": false}, {"topK": 1718, "alpha": 0.41595727746892397, "implicit": true, "normalize_similarity": false}, {"topK": 1912, "alpha": 0.9913519779102409, "implicit": true, "normalize_similarity": false}, {"topK": 1225, "alpha": 0.19157919617606395, "implicit": true, "normalize_similarity": false}, {"topK": 1022, "alpha": 0.6834903955955837, "implicit": true, "normalize_similarity": false}, {"topK": 1819, "alpha": 0.025815879390695524, "implicit": true, "normalize_similarity": false}, {"topK": 263, "alpha": 0.7993793934394205, "implicit": true, "normalize_similarity": false}, {"topK": 1439, "alpha": 0.12534660669791034, "implicit": true, "normalize_similarity": false}, {"topK": 1396, "alpha": 0.6293015566479309, "implicit": true, "normalize_similarity": false}, {"topK": 1609, "alpha": 0.567103950498385, "implicit": true, "normalize_similarity": false}, {"topK": 1988, "alpha": 0.8495832159403458, "implicit": true, "normalize_similarity": false}, {"topK": 388, "alpha": 0.9676600428297726, "implicit": true, "normalize_similarity": false}, {"topK": 924, "alpha": 0.355809908216347, "implicit": true, "normalize_similarity": false}, {"topK": 825, "alpha": 0.21751698758111565, "implicit": true, "normalize_similarity": false}, {"topK": 359, "alpha": 0.015356846372141634, "implicit": true, "normalize_similarity": false}, {"topK": 977, "alpha": 0.18480198123374517, "implicit": true, "normalize_similarity": false}, {"topK": 1496, "alpha": 0.41869525319797307, "implicit": true, "normalize_similarity": false}, {"topK": 1554, "alpha": 0.33878830466643745, "implicit": true, "normalize_similarity": false}, {"topK": 90, "alpha": 0.6347525664346809, "implicit": true, "normalize_similarity": false}, {"topK": 1002, "alpha": 0.0884012538258946, "implicit": true, "normalize_similarity": false}, {"topK": 370, "alpha": 0.8256088586488569, "implicit": true, "normalize_similarity": false}, {"topK": 260, "alpha": 0.7778413587560215, "implicit": true, "normalize_similarity": false}, {"topK": 1997, "alpha": 0.6643861153867492, "implicit": true, "normalize_similarity": false}, {"topK": 425, "alpha": 0.9649548859632211, "implicit": true, "normalize_similarity": false}, {"topK": 598, "alpha": 0.9078051717783066, "implicit": true, "normalize_similarity": false}, {"topK": 1761, "alpha": 0.7948964791612114, "implicit": true, "normalize_similarity": false}, {"topK": 1418, "alpha": 0.8320093572553277, "implicit": true, "normalize_similarity": false}, {"topK": 1265, "alpha": 0.8395729598934845, "implicit": true, "normalize_similarity": false}, {"topK": 692, "alpha": 0.2862674221132068, "implicit": true, "normalize_similarity": false}, {"topK": 1365, "alpha": 0.9957059903074312, "implicit": true, "normalize_similarity": false}, {"topK": 732, "alpha": 0.009880811238102695, "implicit": true, "normalize_similarity": false}, {"topK": 608, "alpha": 0.731147110768147, "implicit": true, "normalize_similarity": false}, {"topK": 950, "alpha": 0.9566699149868356, "implicit": true, "normalize_similarity": false}, {"topK": 150, "alpha": 0.7501345028283811, "implicit": true, "normalize_similarity": false}, {"topK": 697, "alpha": 0.7227565767439067, "implicit": true, "normalize_similarity": false}, {"topK": 1089, "alpha": 0.11771220583602252, "implicit": true, "normalize_similarity": false}, {"topK": 197, "alpha": 0.24427570326987363, "implicit": true, "normalize_similarity": false}, {"topK": 1689, "alpha": 0.5145540052113223, "implicit": true, "normalize_similarity": false}, {"topK": 1574, "alpha": 0.04955956626882431, "implicit": true, "normalize_similarity": false}, {"topK": 708, "alpha": 0.46499025115828085, "implicit": true, "normalize_similarity": false}, {"topK": 72, "alpha": 0.12332085316426303, "implicit": true, "normalize_similarity": false}, {"topK": 1086, "alpha": 0.6662467399629768, "implicit": true, "normalize_similarity": false}, {"topK": 675, "alpha": 0.3314095850935958, "implicit": true, "normalize_similarity": false}, {"topK": 508, "alpha": 0.8546069375536657, "implicit": true, "normalize_similarity": false}, {"topK": 1688, "alpha": 0.9853367238485815, "implicit": true, "normalize_similarity": false}, {"topK": 925, "alpha": 0.45611272287015847, "implicit": true, "normalize_similarity": false}, {"topK": 1781, "alpha": 0.7536078754867176, "implicit": true, "normalize_similarity": false}, {"topK": 729, "alpha": 0.3778044476648956, "implicit": true, "normalize_similarity": false}, {"topK": 242, "alpha": 0.1882167842154963, "implicit": true, "normalize_similarity": false}, {"topK": 1503, "alpha": 0.11196952305418109, "implicit": true, "normalize_similarity": false}, {"topK": 1809, "alpha": 0.9889499451149883, "implicit": true, "normalize_similarity": false}, {"topK": 455, "alpha": 0.7052747699591898, "implicit": true, "normalize_similarity": false}, {"topK": 361, "alpha": 0.38224543992509563, "implicit": true, "normalize_similarity": false}, {"topK": 1627, "alpha": 0.40854556834401246, "implicit": true, "normalize_similarity": false}, {"topK": 1819, "alpha": 0.38261428700355915, "implicit": true, "normalize_similarity": false}, {"topK": 330, "alpha": 0.1697366965956079, "implicit": true, "normalize_similarity": false}, {"topK": 1119, "alpha": 0.6650280417418077, "implicit": true, "normalize_similarity": false}, {"topK": 796, "alpha": 0.4917767266259978, "implicit": true, "normalize_similarity": false}, {"topK": 1747, "alpha": 0.0027065182834356, "implicit": true, "normalize_similarity": false}, {"topK": 452, "alpha": 0.720079071682134, "implicit": true, "normalize_similarity": false}, {"topK": 1538, "alpha": 0.5084242691786908, "implicit": true, "normalize_similarity": false}, {"topK": 659, "alpha": 0.14229033765732915, "implicit": true, "normalize_similarity": false}, {"topK": 1224, "alpha": 0.717700194584019, "implicit": true, "normalize_similarity": false}, {"topK": 551, "alpha": 0.25962948553625825, "implicit": true, "normalize_similarity": false}, {"topK": 1045, "alpha": 0.8042930418597535, "implicit": true, "normalize_similarity": false}, {"topK": 520, "alpha": 0.954706301070532, "implicit": true, "normalize_similarity": false}, {"topK": 1942, "alpha": 0.5538139799893411, "implicit": true, "normalize_similarity": false}, {"topK": 1574, "alpha": 0.8278468065839037, "implicit": true, "normalize_similarity": false}, {"topK": 851, "alpha": 0.9745508759756766, "implicit": true, "normalize_similarity": false}, {"topK": 274, "alpha": 0.1487803623202724, "implicit": true, "normalize_similarity": false}, {"topK": 533, "alpha": 0.2576219368315043, "implicit": true, "normalize_similarity": false}, {"topK": 363, "alpha": 0.7295452277613919, "implicit": true, "normalize_similarity": false}, {"topK": 259, "alpha": 0.13403412699947206, "implicit": true, "normalize_similarity": false}, {"topK": 1771, "alpha": 0.6020721597543618, "implicit": true, "normalize_similarity": false}, {"topK": 1913, "alpha": 0.46859308568236524, "implicit": true, "normalize_similarity": false}, {"topK": 397, "alpha": 0.7481680424965692, "implicit": true, "normalize_similarity": false}, {"topK": 1871, "alpha": 0.6123740759172576, "implicit": true, "normalize_similarity": false}, {"topK": 725, "alpha": 0.5275218895704473, "implicit": true, "normalize_similarity": false}, {"topK": 1550, "alpha": 0.1422258442643808, "implicit": true, "normalize_similarity": false}, {"topK": 934, "alpha": 0.057956144057112816, "implicit": true, "normalize_similarity": false}, {"topK": 1579, "alpha": 0.6519003180477578, "implicit": true, "normalize_similarity": false}, {"topK": 1446, "alpha": 0.7196146358870359, "implicit": true, "normalize_similarity": false}, {"topK": 641, "alpha": 0.5239845634710678, "implicit": true, "normalize_similarity": false}, {"topK": 1898, "alpha": 0.36614894769313416, "implicit": true, "normalize_similarity": false}, {"topK": 936, "alpha": 0.4014228914725473, "implicit": true, "normalize_similarity": false}, {"topK": 442, "alpha": 0.8496055492760538, "implicit": true, "normalize_similarity": false}, {"topK": 564, "alpha": 0.20225398437587766, "implicit": true, "normalize_similarity": false}, {"topK": 208, "alpha": 0.4895450448408939, "implicit": true, "normalize_similarity": false}, {"topK": 938, "alpha": 0.7804002133627592, "implicit": true, "normalize_similarity": false}, {"topK": 617, "alpha": 0.676730409264992, "implicit": true, "normalize_similarity": false}, {"topK": 526, "alpha": 0.06632809809002506, "implicit": true, "normalize_similarity": false}, {"topK": 1113, "alpha": 0.6904646511011387, "implicit": true, "normalize_similarity": false}, {"topK": 998, "alpha": 0.14994103777575388, "implicit": true, "normalize_similarity": false}, {"topK": 779, "alpha": 0.8567104681498416, "implicit": true, "normalize_similarity": false}, {"topK": 1840, "alpha": 0.40514032325652094, "implicit": true, "normalize_similarity": false}, {"topK": 1639, "alpha": 0.193053836985753, "implicit": true, "normalize_similarity": false}, {"topK": 754, "alpha": 0.6011502586986688, "implicit": true, "normalize_similarity": false}, {"topK": 765, "alpha": 0.6866193158436822, "implicit": true, "normalize_similarity": false}, {"topK": 94, "alpha": 0.017970041260180095, "implicit": true, "normalize_similarity": false}, {"topK": 1924, "alpha": 0.5847032116132845, "implicit": true, "normalize_similarity": false}, {"topK": 1868, "alpha": 0.7659317606539682, "implicit": true, "normalize_similarity": false}, {"topK": 1465, "alpha": 0.7261086413173033, "implicit": true, "normalize_similarity": false}, {"topK": 571, "alpha": 0.0841476444063365, "implicit": true, "normalize_similarity": false}, {"topK": 129, "alpha": 0.7102957265635715, "implicit": true, "normalize_similarity": false}, {"topK": 1833, "alpha": 0.8876986600603759, "implicit": true, "normalize_similarity": false}, {"topK": 729, "alpha": 0.5515121194160608, "implicit": true, "normalize_similarity": false}, {"topK": 284, "alpha": 0.13804039896634937, "implicit": true, "normalize_similarity": false}, {"topK": 1516, "alpha": 0.4981579646310452, "implicit": true, "normalize_similarity": false}, {"topK": 1535, "alpha": 0.4211172493410025, "implicit": true, "normalize_similarity": false}, {"topK": 1821, "alpha": 0.38160649957575377, "implicit": true, "normalize_similarity": false}, {"topK": 1041, "alpha": 0.5097738352881347, "implicit": true, "normalize_similarity": false}, {"topK": 1221, "alpha": 0.9752793651635959, "implicit": true, "normalize_similarity": false}, {"topK": 780, "alpha": 0.9596960781155838, "implicit": true, "normalize_similarity": false}, {"topK": 1011, "alpha": 0.5552959880666112, "implicit": true, "normalize_similarity": false}, {"topK": 1639, "alpha": 0.7939399771979608, "implicit": true, "normalize_similarity": false}, {"topK": 706, "alpha": 0.3160232210219634, "implicit": true, "normalize_similarity": false}, {"topK": 1869, "alpha": 0.5087155087897446, "implicit": true, "normalize_similarity": false}, {"topK": 956, "alpha": 0.30430325011581033, "implicit": true, "normalize_similarity": false}, {"topK": 1398, "alpha": 0.6885399013830892, "implicit": true, "normalize_similarity": false}, {"topK": 1923, "alpha": 0.3358251781034814, "implicit": true, "normalize_similarity": false}, {"topK": 162, "alpha": 0.152899060684086, "implicit": true, "normalize_similarity": false}, {"topK": 1829, "alpha": 0.13858330467863814, "implicit": true, "normalize_similarity": false}, {"topK": 1621, "alpha": 0.07463340913807993, "implicit": true, "normalize_similarity": false}, {"topK": 1207, "alpha": 0.45792254813846, "implicit": true, "normalize_similarity": false}, {"topK": 1897, "alpha": 0.42800225131890246, "implicit": true, "normalize_similarity": false}, {"topK": 1510, "alpha": 0.664265841477371, "implicit": true, "normalize_similarity": false}, {"topK": 221, "alpha": 0.8444022481868688, "implicit": true, "normalize_similarity": false}, {"topK": 333, "alpha": 0.40733936199594367, "implicit": true, "normalize_similarity": false}, {"topK": 1927, "alpha": 0.5743347822368506, "implicit": true, "normalize_similarity": false}, {"topK": 1156, "alpha": 0.1690527926943394, "implicit": true, "normalize_similarity": false}, {"topK": 1423, "alpha": 0.7994870861216408, "implicit": true, "normalize_similarity": false}, {"topK": 1859, "alpha": 0.0037562831927500104, "implicit": true, "normalize_similarity": false}, {"topK": 1057, "alpha": 0.70686750528309, "implicit": true, "normalize_similarity": false}, {"topK": 1265, "alpha": 0.25689798785645984, "implicit": true, "normalize_similarity": false}, {"topK": 184, "alpha": 0.3559685390483173, "implicit": true, "normalize_similarity": false}, {"topK": 282, "alpha": 0.5905589218614975, "implicit": true, "normalize_similarity": false}, {"topK": 1001, "alpha": 0.5061532364879285, "implicit": true, "normalize_similarity": false}, {"topK": 999, "alpha": 0.8456214871401909, "implicit": true, "normalize_similarity": false}, {"topK": 719, "alpha": 0.7110148848888626, "implicit": true, "normalize_similarity": false}, {"topK": 1546, "alpha": 0.977825343933304, "implicit": true, "normalize_similarity": false}, {"topK": 296, "alpha": 0.07481440947684727, "implicit": true, "normalize_similarity": false}, {"topK": 1679, "alpha": 0.6327731375550253, "implicit": true, "normalize_similarity": false}, {"topK": 1396, "alpha": 0.9451746488629802, "implicit": true, "normalize_similarity": false}, {"topK": 1447, "alpha": 0.4704802095256885, "implicit": true, "normalize_similarity": false}, {"topK": 1364, "alpha": 0.7181595262715522, "implicit": true, "normalize_similarity": false}, {"topK": 364, "alpha": 0.9880632741523321, "implicit": true, "normalize_similarity": false}, {"topK": 1173, "alpha": 0.4232663905844406, "implicit": true, "normalize_similarity": false}, {"topK": 1495, "alpha": 0.5105910942309559, "implicit": true, "normalize_similarity": false}, {"topK": 1112, "alpha": 0.3006047710226209, "implicit": true, "normalize_similarity": false}, {"topK": 1069, "alpha": 0.49654667741927005, "implicit": true, "normalize_similarity": false}, {"topK": 1400, "alpha": 0.1037229634627155, "implicit": true, "normalize_similarity": false}, {"topK": 1585, "alpha": 0.8637006876478079, "implicit": true, "normalize_similarity": false}, {"topK": 367, "alpha": 0.11870298550159333, "implicit": true, "normalize_similarity": false}, {"topK": 712, "alpha": 0.8140930803222777, "implicit": true, "normalize_similarity": false}, {"topK": 1861, "alpha": 0.9593695674081001, "implicit": true, "normalize_similarity": false}, {"topK": 484, "alpha": 0.07407765783302679, "implicit": true, "normalize_similarity": false}, {"topK": 258, "alpha": 0.5966963578527591, "implicit": true, "normalize_similarity": false}, {"topK": 558, "alpha": 0.4520011540167196, "implicit": true, "normalize_similarity": false}, {"topK": 1197, "alpha": 0.18215816176671387, "implicit": true, "normalize_similarity": false}, {"topK": 1667, "alpha": 0.11847715344165524, "implicit": true, "normalize_similarity": false}, {"topK": 1755, "alpha": 0.3621388377352583, "implicit": true, "normalize_similarity": false}, {"topK": 835, "alpha": 0.15765963916403394, "implicit": true, "normalize_similarity": false}, {"topK": 1361, "alpha": 0.8823044806968395, "implicit": true, "normalize_similarity": false}, {"topK": 1429, "alpha": 0.07830872212867503, "implicit": true, "normalize_similarity": false}, {"topK": 907, "alpha": 0.3528662781450242, "implicit": true, "normalize_similarity": false}, {"topK": 1100, "alpha": 0.927177274140625, "implicit": true, "normalize_similarity": false}, {"topK": 1246, "alpha": 0.9622774878251285, "implicit": true, "normalize_similarity": false}, {"topK": 797, "alpha": 0.11556774773995585, "implicit": true, "normalize_similarity": false}, {"topK": 1535, "alpha": 0.484905754466066, "implicit": true, "normalize_similarity": false}, {"topK": 992, "alpha": 0.16624435178643607, "implicit": true, "normalize_similarity": false}, {"topK": 1465, "alpha": 0.09626676290088956, "implicit": true, "normalize_similarity": false}, {"topK": 974, "alpha": 0.7285138891185816, "implicit": true, "normalize_similarity": false}, {"topK": 1950, "alpha": 0.18423323989869847, "implicit": true, "normalize_similarity": false}, {"topK": 1445, "alpha": 0.3690402663872348, "implicit": true, "normalize_similarity": false}, {"topK": 78, "alpha": 0.3793550687555164, "implicit": true, "normalize_similarity": false}, {"topK": 1291, "alpha": 0.9907400774897068, "implicit": true, "normalize_similarity": false}, {"topK": 1899, "alpha": 0.05604863135088524, "implicit": true, "normalize_similarity": false}, {"topK": 1770, "alpha": 0.747598256983357, "implicit": true, "normalize_similarity": false}, {"topK": 701, "alpha": 0.04708963370373766, "implicit": true, "normalize_similarity": false}, {"topK": 1346, "alpha": 0.6539589228641629, "implicit": true, "normalize_similarity": false}, {"topK": 1406, "alpha": 0.06148156144848162, "implicit": true, "normalize_similarity": false}, {"topK": 1894, "alpha": 0.22617387463311783, "implicit": true, "normalize_similarity": false}, {"topK": 1365, "alpha": 0.7192996868121557, "implicit": true, "normalize_similarity": false}, {"topK": 1599, "alpha": 0.28533984467871315, "implicit": true, "normalize_similarity": false}, {"topK": 1126, "alpha": 0.0509639621810586, "implicit": true, "normalize_similarity": false}, {"topK": 911, "alpha": 0.9776511483785034, "implicit": true, "normalize_similarity": false}, {"topK": 441, "alpha": 0.26118528248296974, "implicit": true, "normalize_similarity": false}, {"topK": 523, "alpha": 0.4788375294138807, "implicit": true, "normalize_similarity": false}, {"topK": 1126, "alpha": 0.24605622715142145, "implicit": true, "normalize_similarity": false}, {"topK": 1321, "alpha": 0.6082079008911061, "implicit": true, "normalize_similarity": false}, {"topK": 1061, "alpha": 0.5264236339215091, "implicit": true, "normalize_similarity": false}, {"topK": 1814, "alpha": 0.66818239761594, "implicit": true, "normalize_similarity": false}, {"topK": 318, "alpha": 0.5246677333889253, "implicit": true, "normalize_similarity": false}, {"topK": 1535, "alpha": 0.7263559648874199, "implicit": true, "normalize_similarity": false}, {"topK": 420, "alpha": 0.12697431038434073, "implicit": true, "normalize_similarity": false}, {"topK": 1971, "alpha": 0.9893904546932453, "implicit": true, "normalize_similarity": false}, {"topK": 403, "alpha": 0.07130604976862033, "implicit": true, "normalize_similarity": false}, {"topK": 1233, "alpha": 0.42225955956672223, "implicit": true, "normalize_similarity": false}, {"topK": 283, "alpha": 0.7155676614975418, "implicit": true, "normalize_similarity": false}, {"topK": 1647, "alpha": 0.07415627914669777, "implicit": true, "normalize_similarity": false}, {"topK": 1452, "alpha": 0.4222054824708107, "implicit": true, "normalize_similarity": false}, {"topK": 309, "alpha": 0.43789267614737926, "implicit": true, "normalize_similarity": false}, {"topK": 1809, "alpha": 0.527037774353515, "implicit": true, "normalize_similarity": false}, {"topK": 831, "alpha": 0.565130276705488, "implicit": true, "normalize_similarity": false}, {"topK": 1689, "alpha": 0.8353074512587665, "implicit": true, "normalize_similarity": false}, {"topK": 1085, "alpha": 0.06469190502980217, "implicit": true, "normalize_similarity": false}, {"topK": 1357, "alpha": 0.6229861460274531, "implicit": true, "normalize_similarity": false}, {"topK": 1203, "alpha": 0.05671174070370656, "implicit": true, "normalize_similarity": false}, {"topK": 1101, "alpha": 0.009536419521807617, "implicit": true, "normalize_similarity": false}, {"topK": 1295, "alpha": 0.37896358300715693, "implicit": true, "normalize_similarity": false}, {"topK": 1763, "alpha": 0.864027729856394, "implicit": true, "normalize_similarity": false}, {"topK": 1476, "alpha": 0.5245626943270965, "implicit": true, "normalize_similarity": false}, {"topK": 1846, "alpha": 0.8754820005576532, "implicit": true, "normalize_similarity": false}, {"topK": 699, "alpha": 0.14835722136890075, "implicit": true, "normalize_similarity": false}, {"topK": 301, "alpha": 0.3368009276441139, "implicit": true, "normalize_similarity": false}, {"topK": 1774, "alpha": 0.8818275997607496, "implicit": true, "normalize_similarity": false}, {"topK": 285, "alpha": 0.1881433343141568, "implicit": true, "normalize_similarity": false}, {"topK": 1436, "alpha": 0.03910744434933545, "implicit": true, "normalize_similarity": false}, {"topK": 1885, "alpha": 0.8040552931652134, "implicit": true, "normalize_similarity": false}, {"topK": 136, "alpha": 0.5395771541617285, "implicit": true, "normalize_similarity": false}, {"topK": 1674, "alpha": 0.523769198738515, "implicit": true, "normalize_similarity": false}, {"topK": 239, "alpha": 0.8685530656750189, "implicit": true, "normalize_similarity": false}, {"topK": 1705, "alpha": 0.8594450577449894, "implicit": true, "normalize_similarity": false}, {"topK": 389, "alpha": 0.39732265534771205, "implicit": true, "normalize_similarity": false}, {"topK": 248, "alpha": 0.23806988860209893, "implicit": true, "normalize_similarity": false}, {"topK": 945, "alpha": 0.3316817906044807, "implicit": true, "normalize_similarity": false}, {"topK": 815, "alpha": 0.9865456316682528, "implicit": true, "normalize_similarity": false}, {"topK": 943, "alpha": 0.7219335175610265, "implicit": true, "normalize_similarity": false}, {"topK": 1984, "alpha": 0.48358904491171173, "implicit": true, "normalize_similarity": false}, {"topK": 1470, "alpha": 0.929169846655857, "implicit": true, "normalize_similarity": false}, {"topK": 1490, "alpha": 0.7573899014853352, "implicit": true, "normalize_similarity": false}, {"topK": 1905, "alpha": 0.5623708476597084, "implicit": true, "normalize_similarity": false}, {"topK": 152, "alpha": 0.8611607028746087, "implicit": true, "normalize_similarity": false}, {"topK": 916, "alpha": 0.947662080283506, "implicit": true, "normalize_similarity": false}, {"topK": 431, "alpha": 0.8713717378162338, "implicit": true, "normalize_similarity": false}, {"topK": 585, "alpha": 0.560843937113826, "implicit": true, "normalize_similarity": false}, {"topK": 759, "alpha": 0.512231067646902, "implicit": true, "normalize_similarity": false}, {"topK": 1713, "alpha": 0.9862006561382021, "implicit": true, "normalize_similarity": false}, {"topK": 189, "alpha": 0.9919667396093583, "implicit": true, "normalize_similarity": false}, {"topK": 117, "alpha": 0.7054747683335191, "implicit": true, "normalize_similarity": false}, {"topK": 1658, "alpha": 0.2980145151860841, "implicit": true, "normalize_similarity": false}, {"topK": 1737, "alpha": 0.9552582109075026, "implicit": true, "normalize_similarity": false}, {"topK": 1089, "alpha": 0.5994567757563972, "implicit": true, "normalize_similarity": false}, {"topK": 413, "alpha": 0.262878075883253, "implicit": true, "normalize_similarity": false}, {"topK": 1445, "alpha": 0.5313356525103415, "implicit": true, "normalize_similarity": false}, {"topK": 149, "alpha": 0.5818769870975298, "implicit": true, "normalize_similarity": false}, {"topK": 699, "alpha": 0.6296287956249784, "implicit": true, "normalize_similarity": false}, {"topK": 952, "alpha": 0.12085731466642471, "implicit": true, "normalize_similarity": false}, {"topK": 1822, "alpha": 0.5699957661447946, "implicit": true, "normalize_similarity": false}, {"topK": 1660, "alpha": 0.3209080882318111, "implicit": true, "normalize_similarity": false}, {"topK": 229, "alpha": 0.555320697679866, "implicit": true, "normalize_similarity": false}, {"topK": 798, "alpha": 0.24242237435963493, "implicit": true, "normalize_similarity": false}, {"topK": 1581, "alpha": 0.7520239581934761, "implicit": true, "normalize_similarity": false}, {"topK": 1663, "alpha": 0.005108957914728985, "implicit": true, "normalize_similarity": false}, {"topK": 1105, "alpha": 0.5641975404308183, "implicit": true, "normalize_similarity": false}, {"topK": 194, "alpha": 0.9872673085723928, "implicit": true, "normalize_similarity": false}, {"topK": 1568, "alpha": 0.41794956407327966, "implicit": true, "normalize_similarity": false}, {"topK": 1532, "alpha": 0.6266174755647806, "implicit": true, "normalize_similarity": false}, {"topK": 1817, "alpha": 0.27949167669977765, "implicit": true, "normalize_similarity": false}, {"topK": 1348, "alpha": 0.5618258494884745, "implicit": true, "normalize_similarity": false}, {"topK": 1514, "alpha": 0.8547002898239906, "implicit": true, "normalize_similarity": false}, {"topK": 867, "alpha": 0.7926408977529188, "implicit": true, "normalize_similarity": false}, {"topK": 782, "alpha": 0.2687741765471971, "implicit": true, "normalize_similarity": false}, {"topK": 857, "alpha": 0.7948806178414157, "implicit": true, "normalize_similarity": false}, {"topK": 65, "alpha": 0.5608671346655173, "implicit": true, "normalize_similarity": false}, {"topK": 921, "alpha": 0.24660696871482174, "implicit": true, "normalize_similarity": false}, {"topK": 1851, "alpha": 0.6098450525565409, "implicit": true, "normalize_similarity": false}, {"topK": 1574, "alpha": 0.40603490331425407, "implicit": true, "normalize_similarity": false}, {"topK": 1635, "alpha": 0.3257141736749664, "implicit": true, "normalize_similarity": false}, {"topK": 1569, "alpha": 0.6530654557566962, "implicit": true, "normalize_similarity": false}, {"topK": 532, "alpha": 0.14332342452690952, "implicit": true, "normalize_similarity": false}, {"topK": 233, "alpha": 0.39474427256291067, "implicit": true, "normalize_similarity": false}, {"topK": 891, "alpha": 0.384112525028824, "implicit": true, "normalize_similarity": false}, {"topK": 1600, "alpha": 0.12294458945848166, "implicit": true, "normalize_similarity": false}, {"topK": 1854, "alpha": 0.36607169620290253, "implicit": true, "normalize_similarity": false}, {"topK": 1641, "alpha": 0.5944862151668626, "implicit": true, "normalize_similarity": false}, {"topK": 1973, "alpha": 0.7666112554702292, "implicit": true, "normalize_similarity": false}, {"topK": 1258, "alpha": 0.08196033395591897, "implicit": true, "normalize_similarity": false}, {"topK": 1525, "alpha": 0.7209477785954919, "implicit": true, "normalize_similarity": false}, {"topK": 1469, "alpha": 0.7063130385734508, "implicit": true, "normalize_similarity": false}, {"topK": 959, "alpha": 0.7201816366089961, "implicit": true, "normalize_similarity": false}, {"topK": 896, "alpha": 0.9860786836359176, "implicit": true, "normalize_similarity": false}, {"topK": 687, "alpha": 0.5571079236608956, "implicit": true, "normalize_similarity": false}, {"topK": 1276, "alpha": 0.7789647527580373, "implicit": true, "normalize_similarity": false}, {"topK": 1826, "alpha": 0.9891629204498683, "implicit": true, "normalize_similarity": false}, {"topK": 780, "alpha": 0.47305148437081834, "implicit": true, "normalize_similarity": false}, {"topK": 1943, "alpha": 0.9760227099261385, "implicit": true, "normalize_similarity": false}, {"topK": 1954, "alpha": 0.8223636321033678, "implicit": true, "normalize_similarity": false}, {"topK": 132, "alpha": 0.7972743781648883, "implicit": true, "normalize_similarity": false}, {"topK": 1389, "alpha": 0.22742300139189525, "implicit": true, "normalize_similarity": false}, {"topK": 1432, "alpha": 0.5737445545456479, "implicit": true, "normalize_similarity": false}, {"topK": 1248, "alpha": 0.4360303320169825, "implicit": true, "normalize_similarity": false}, {"topK": 1636, "alpha": 0.24097297567423487, "implicit": true, "normalize_similarity": false}, {"topK": 370, "alpha": 0.09312064720128067, "implicit": true, "normalize_similarity": false}, {"topK": 303, "alpha": 0.03855067365832144, "implicit": true, "normalize_similarity": false}, {"topK": 1181, "alpha": 0.6612808749811326, "implicit": true, "normalize_similarity": false}, {"topK": 1676, "alpha": 0.0556736532530029, "implicit": true, "normalize_similarity": false}, {"topK": 1287, "alpha": 0.8817365835259463, "implicit": true, "normalize_similarity": false}, {"topK": 1669, "alpha": 0.8977899064495412, "implicit": true, "normalize_similarity": false}, {"topK": 1296, "alpha": 0.8998824210001621, "implicit": true, "normalize_similarity": false}, {"topK": 693, "alpha": 0.0285443678885895, "implicit": true, "normalize_similarity": false}, {"topK": 915, "alpha": 0.9482937343108022, "implicit": true, "normalize_similarity": false}, {"topK": 1158, "alpha": 0.5788935333400106, "implicit": true, "normalize_similarity": false}, {"topK": 885, "alpha": 0.1599076447829634, "implicit": true, "normalize_similarity": false}, {"topK": 730, "alpha": 0.9662340922610259, "implicit": true, "normalize_similarity": false}, {"topK": 1586, "alpha": 0.5228138362609859, "implicit": true, "normalize_similarity": false}, {"topK": 963, "alpha": 0.5571741720309598, "implicit": true, "normalize_similarity": false}, {"topK": 744, "alpha": 0.2728438826433122, "implicit": true, "normalize_similarity": false}, {"topK": 1120, "alpha": 0.7287088568274306, "implicit": true, "normalize_similarity": false}, {"topK": 1353, "alpha": 0.3582310180989386, "implicit": true, "normalize_similarity": false}, {"topK": 1891, "alpha": 0.05048487099925093, "implicit": true, "normalize_similarity": false}, {"topK": 1221, "alpha": 0.43993185532366885, "implicit": true, "normalize_similarity": false}, {"topK": 267, "alpha": 0.22572591591399654, "implicit": true, "normalize_similarity": false}, {"topK": 340, "alpha": 0.28680198111856475, "implicit": true, "normalize_similarity": false}, {"topK": 1385, "alpha": 0.8481772592118609, "implicit": true, "normalize_similarity": false}, {"topK": 1946, "alpha": 0.6730197075563377, "implicit": true, "normalize_similarity": false}, {"topK": 1672, "alpha": 0.5759787458863211, "implicit": true, "normalize_similarity": false}, {"topK": 1112, "alpha": 0.6859780983726822, "implicit": true, "normalize_similarity": false}, {"topK": 107, "alpha": 0.5360526109794815, "implicit": true, "normalize_similarity": false}, {"topK": 828, "alpha": 0.778827430150163, "implicit": true, "normalize_similarity": false}, {"topK": 236, "alpha": 0.8791575672548121, "implicit": true, "normalize_similarity": false}, {"topK": 1040, "alpha": 0.1487240025688338, "implicit": true, "normalize_similarity": false}, {"topK": 814, "alpha": 0.3472722206955566, "implicit": true, "normalize_similarity": false}, {"topK": 1630, "alpha": 0.896794804174297, "implicit": true, "normalize_similarity": false}, {"topK": 1980, "alpha": 0.510565228291188, "implicit": true, "normalize_similarity": false}, {"topK": 1296, "alpha": 0.10659136191670773, "implicit": true, "normalize_similarity": false}, {"topK": 1929, "alpha": 0.7688354245511568, "implicit": true, "normalize_similarity": false}, {"topK": 978, "alpha": 0.41581900276438133, "implicit": true, "normalize_similarity": false}, {"topK": 1724, "alpha": 0.12172236203483458, "implicit": true, "normalize_similarity": false}, {"topK": 1574, "alpha": 0.07661800052919022, "implicit": true, "normalize_similarity": false}, {"topK": 375, "alpha": 0.03748402848946498, "implicit": true, "normalize_similarity": false}, {"topK": 219, "alpha": 0.6622202448985139, "implicit": true, "normalize_similarity": false}, {"topK": 1828, "alpha": 0.2268942060568156, "implicit": true, "normalize_similarity": false}, {"topK": 654, "alpha": 0.7534771740638636, "implicit": true, "normalize_similarity": false}, {"topK": 1103, "alpha": 0.4042923319844378, "implicit": true, "normalize_similarity": false}, {"topK": 858, "alpha": 0.3862554518979415, "implicit": true, "normalize_similarity": false}, {"topK": 1653, "alpha": 0.4629174387831313, "implicit": true, "normalize_similarity": false}, {"topK": 1591, "alpha": 0.1910635538417214, "implicit": true, "normalize_similarity": false}, {"topK": 348, "alpha": 0.33773156651165287, "implicit": true, "normalize_similarity": false}, {"topK": 332, "alpha": 0.5874843676942202, "implicit": true, "normalize_similarity": false}, {"topK": 391, "alpha": 0.6155426275744423, "implicit": true, "normalize_similarity": false}, {"topK": 1420, "alpha": 0.7681673226549098, "implicit": true, "normalize_similarity": false}, {"topK": 1127, "alpha": 0.17269427445865662, "implicit": true, "normalize_similarity": false}, {"topK": 698, "alpha": 0.9830843903355434, "implicit": true, "normalize_similarity": false}, {"topK": 720, "alpha": 0.13957427784876733, "implicit": true, "normalize_similarity": false}, {"topK": 1463, "alpha": 0.7028909795413134, "implicit": true, "normalize_similarity": false}, {"topK": 1799, "alpha": 0.18556479125056993, "implicit": true, "normalize_similarity": false}, {"topK": 551, "alpha": 0.5255555424290046, "implicit": true, "normalize_similarity": false}, {"topK": 1690, "alpha": 0.5950150809979252, "implicit": true, "normalize_similarity": false}, {"topK": 952, "alpha": 0.9308521999114622, "implicit": true, "normalize_similarity": false}, {"topK": 221, "alpha": 0.34644187820388367, "implicit": true, "normalize_similarity": false}, {"topK": 478, "alpha": 0.4461960951254922, "implicit": true, "normalize_similarity": false}, {"topK": 109, "alpha": 0.44088541275277005, "implicit": true, "normalize_similarity": false}, {"topK": 1636, "alpha": 0.3143680705976028, "implicit": true, "normalize_similarity": false}, {"topK": 607, "alpha": 0.2776708534681423, "implicit": true, "normalize_similarity": false}, {"topK": 1468, "alpha": 0.4870185402919375, "implicit": true, "normalize_similarity": false}, {"topK": 78, "alpha": 0.5367066893178803, "implicit": true, "normalize_similarity": false}, {"topK": 1439, "alpha": 0.39859369819807267, "implicit": true, "normalize_similarity": false}, {"topK": 1746, "alpha": 0.5316573173560715, "implicit": true, "normalize_similarity": false}, {"topK": 1720, "alpha": 0.4807685804175441, "implicit": true, "normalize_similarity": false}, {"topK": 1250, "alpha": 0.294926710623219, "implicit": true, "normalize_similarity": false}, {"topK": 518, "alpha": 0.9599973952981086, "implicit": true, "normalize_similarity": false}, {"topK": 1461, "alpha": 0.8851013968128215, "implicit": true, "normalize_similarity": false}, {"topK": 982, "alpha": 0.3901122457039484, "implicit": true, "normalize_similarity": false}, {"topK": 777, "alpha": 0.7256831876169816, "implicit": true, "normalize_similarity": false}, {"topK": 1053, "alpha": 0.6322889151092956, "implicit": true, "normalize_similarity": false}, {"topK": 1193, "alpha": 0.44959361988173696, "implicit": true, "normalize_similarity": false}, {"topK": 1669, "alpha": 0.8994363892011153, "implicit": true, "normalize_similarity": false}, {"topK": 909, "alpha": 0.1795680288451185, "implicit": true, "normalize_similarity": false}, {"topK": 1973, "alpha": 0.1968395444953845, "implicit": true, "normalize_similarity": false}, {"topK": 751, "alpha": 0.4631408425071101, "implicit": true, "normalize_similarity": false}, {"topK": 1370, "alpha": 0.9007790509833509, "implicit": true, "normalize_similarity": false}, {"topK": 1300, "alpha": 0.029777598730034056, "implicit": true, "normalize_similarity": false}, {"topK": 143, "alpha": 0.7037201415868248, "implicit": true, "normalize_similarity": false}, {"topK": 1090, "alpha": 0.6323978041442866, "implicit": true, "normalize_similarity": false}, {"topK": 969, "alpha": 0.4846156040479578, "implicit": true, "normalize_similarity": false}, {"topK": 1834, "alpha": 0.5662131671078949, "implicit": true, "normalize_similarity": false}, {"topK": 483, "alpha": 0.7889849355020842, "implicit": true, "normalize_similarity": false}, {"topK": 910, "alpha": 0.1538530700916906, "implicit": true, "normalize_similarity": false}, {"topK": 1443, "alpha": 0.3472917693143624, "implicit": true, "normalize_similarity": false}, {"topK": 1731, "alpha": 0.388848141745574, "implicit": true, "normalize_similarity": false}, {"topK": 1740, "alpha": 0.08619994956004697, "implicit": true, "normalize_similarity": false}, {"topK": 1510, "alpha": 0.41008498271252536, "implicit": true, "normalize_similarity": false}, {"topK": 406, "alpha": 0.32505740198436334, "implicit": true, "normalize_similarity": false}, {"topK": 795, "alpha": 0.2515899959391847, "implicit": true, "normalize_similarity": false}, {"topK": 264, "alpha": 0.3837835616643237, "implicit": true, "normalize_similarity": false}, {"topK": 1805, "alpha": 0.09406017013432302, "implicit": true, "normalize_similarity": false}, {"topK": 147, "alpha": 0.4105099074967057, "implicit": true, "normalize_similarity": false}, {"topK": 1138, "alpha": 0.24523855428170255, "implicit": true, "normalize_similarity": false}, {"topK": 284, "alpha": 0.39991814582596075, "implicit": true, "normalize_similarity": false}, {"topK": 1775, "alpha": 0.9031372603471128, "implicit": true, "normalize_similarity": false}, {"topK": 1960, "alpha": 0.4988542974425568, "implicit": true, "normalize_similarity": false}, {"topK": 1871, "alpha": 0.9325799209145645, "implicit": true, "normalize_similarity": false}, {"topK": 675, "alpha": 0.028337570496414173, "implicit": true, "normalize_similarity": false}, {"topK": 447, "alpha": 0.6761183837717006, "implicit": true, "normalize_similarity": false}, {"topK": 878, "alpha": 0.7768013214678218, "implicit": true, "normalize_similarity": false}, {"topK": 1037, "alpha": 0.49255217419182706, "implicit": true, "normalize_similarity": false}, {"topK": 1208, "alpha": 0.9852711230802403, "implicit": true, "normalize_similarity": false}, {"topK": 780, "alpha": 0.4689118021794092, "implicit": true, "normalize_similarity": false}, {"topK": 999, "alpha": 0.09600185085943949, "implicit": true, "normalize_similarity": false}, {"topK": 765, "alpha": 0.6962550950609673, "implicit": true, "normalize_similarity": false}, {"topK": 1527, "alpha": 0.9468757773646612, "implicit": true, "normalize_similarity": false}, {"topK": 554, "alpha": 0.783553432005592, "implicit": true, "normalize_similarity": false}, {"topK": 210, "alpha": 0.27132994719678377, "implicit": true, "normalize_similarity": false}, {"topK": 55, "alpha": 0.21606951878339814, "implicit": true, "normalize_similarity": false}, {"topK": 1175, "alpha": 0.626019286272151, "implicit": true, "normalize_similarity": false}, {"topK": 997, "alpha": 0.7268111182060495, "implicit": true, "normalize_similarity": false}, {"topK": 1994, "alpha": 0.2961673337204869, "implicit": true, "normalize_similarity": false}, {"topK": 1048, "alpha": 0.498265363041245, "implicit": true, "normalize_similarity": false}, {"topK": 1240, "alpha": 0.9554020659308312, "implicit": true, "normalize_similarity": false}, {"topK": 1913, "alpha": 0.5788543349718246, "implicit": true, "normalize_similarity": false}, {"topK": 1512, "alpha": 0.4701261731569135, "implicit": true, "normalize_similarity": false}, {"topK": 1861, "alpha": 0.1697344570119951, "implicit": true, "normalize_similarity": false}, {"topK": 95, "alpha": 0.9047297104208205, "implicit": true, "normalize_similarity": false}, {"topK": 56, "alpha": 0.3888074180751997, "implicit": true, "normalize_similarity": false}, {"topK": 853, "alpha": 0.402282725746095, "implicit": true, "normalize_similarity": false}, {"topK": 749, "alpha": 0.2193490984992606, "implicit": true, "normalize_similarity": false}, {"topK": 571, "alpha": 0.7171266295610373, "implicit": true, "normalize_similarity": false}, {"topK": 1725, "alpha": 0.7635855983763128, "implicit": true, "normalize_similarity": false}, {"topK": 194, "alpha": 0.6272081648439246, "implicit": true, "normalize_similarity": false}, {"topK": 1101, "alpha": 0.5870797981201739, "implicit": true, "normalize_similarity": false}, {"topK": 1902, "alpha": 0.656881759604188, "implicit": true, "normalize_similarity": false}, {"topK": 1186, "alpha": 0.6335600546876983, "implicit": true, "normalize_similarity": false}, {"topK": 1118, "alpha": 0.4834867380924034, "implicit": true, "normalize_similarity": false}, {"topK": 1784, "alpha": 0.061640138424693416, "implicit": true, "normalize_similarity": false}, {"topK": 1677, "alpha": 0.7103975956955576, "implicit": true, "normalize_similarity": false}, {"topK": 205, "alpha": 0.6311795281667005, "implicit": true, "normalize_similarity": false}, {"topK": 61, "alpha": 0.7812069451213374, "implicit": true, "normalize_similarity": false}, {"topK": 1019, "alpha": 0.6215503846047288, "implicit": true, "normalize_similarity": false}, {"topK": 1634, "alpha": 0.448088414808818, "implicit": true, "normalize_similarity": false}, {"topK": 1433, "alpha": 0.2376935216754687, "implicit": true, "normalize_similarity": false}, {"topK": 369, "alpha": 0.684002422397118, "implicit": true, "normalize_similarity": false}, {"topK": 1387, "alpha": 0.0881220568078981, "implicit": true, "normalize_similarity": false}, {"topK": 1020, "alpha": 0.10132600989290866, "implicit": true, "normalize_similarity": false}, {"topK": 1743, "alpha": 0.9714352140043693, "implicit": true, "normalize_similarity": false}, {"topK": 1668, "alpha": 0.1864514386307529, "implicit": true, "normalize_similarity": false}, {"topK": 785, "alpha": 0.9327760922222307, "implicit": true, "normalize_similarity": false}, {"topK": 1738, "alpha": 0.6018246167244297, "implicit": true, "normalize_similarity": false}, {"topK": 815, "alpha": 0.6691250987789188, "implicit": true, "normalize_similarity": false}, {"topK": 953, "alpha": 0.33754444286188473, "implicit": true, "normalize_similarity": false}, {"topK": 1380, "alpha": 0.2747398117950209, "implicit": true, "normalize_similarity": false}, {"topK": 406, "alpha": 0.4136417685406911, "implicit": true, "normalize_similarity": false}, {"topK": 491, "alpha": 0.3121273124275746, "implicit": true, "normalize_similarity": false}, {"topK": 1596, "alpha": 0.6107975149863917, "implicit": true, "normalize_similarity": false}, {"topK": 1147, "alpha": 0.7127179381726619, "implicit": true, "normalize_similarity": false}, {"topK": 1267, "alpha": 0.8058652106158176, "implicit": true, "normalize_similarity": false}, {"topK": 1826, "alpha": 0.7790402875228745, "implicit": true, "normalize_similarity": false}, {"topK": 72, "alpha": 0.8467456231068684, "implicit": true, "normalize_similarity": false}, {"topK": 1790, "alpha": 0.7610678524222895, "implicit": true, "normalize_similarity": false}, {"topK": 1877, "alpha": 0.8387855514433996, "implicit": true, "normalize_similarity": false}, {"topK": 185, "alpha": 0.3813583878970733, "implicit": true, "normalize_similarity": false}, {"topK": 1234, "alpha": 0.9414128467437152, "implicit": true, "normalize_similarity": false}, {"topK": 1416, "alpha": 0.30857542633656326, "implicit": true, "normalize_similarity": false}, {"topK": 1883, "alpha": 0.12165431801337026, "implicit": true, "normalize_similarity": false}, {"topK": 1188, "alpha": 0.32258218076317297, "implicit": true, "normalize_similarity": false}, {"topK": 1881, "alpha": 0.9473143018264042, "implicit": true, "normalize_similarity": false}, {"topK": 870, "alpha": 0.8416186580943483, "implicit": true, "normalize_similarity": false}, {"topK": 881, "alpha": 0.36061197915879056, "implicit": true, "normalize_similarity": false}, {"topK": 1512, "alpha": 0.23337721335504896, "implicit": true, "normalize_similarity": false}, {"topK": 1391, "alpha": 0.3540159844772565, "implicit": true, "normalize_similarity": false}, {"topK": 934, "alpha": 0.2869915597550505, "implicit": true, "normalize_similarity": false}, {"topK": 830, "alpha": 0.1374166087204425, "implicit": true, "normalize_similarity": false}, {"topK": 1245, "alpha": 0.8247285659018113, "implicit": true, "normalize_similarity": false}, {"topK": 243, "alpha": 0.38193749627967577, "implicit": true, "normalize_similarity": false}, {"topK": 1054, "alpha": 0.956101925892663, "implicit": true, "normalize_similarity": false}, {"topK": 495, "alpha": 0.9103465732076774, "implicit": true, "normalize_similarity": false}, {"topK": 1106, "alpha": 0.001387337529252464, "implicit": true, "normalize_similarity": false}, {"topK": 1387, "alpha": 0.521691448886718, "implicit": true, "normalize_similarity": false}, {"topK": 478, "alpha": 0.36614132055442, "implicit": true, "normalize_similarity": false}, {"topK": 1419, "alpha": 0.09204966589618725, "implicit": true, "normalize_similarity": false}, {"topK": 1855, "alpha": 0.19967781370892873, "implicit": true, "normalize_similarity": false}, {"topK": 387, "alpha": 0.35509520450306126, "implicit": true, "normalize_similarity": false}, {"topK": 1339, "alpha": 0.5714011759112104, "implicit": true, "normalize_similarity": false}, {"topK": 633, "alpha": 0.36038226468428497, "implicit": true, "normalize_similarity": false}, {"topK": 1901, "alpha": 0.2558983673217012, "implicit": true, "normalize_similarity": false}, {"topK": 1527, "alpha": 0.9464421647010551, "implicit": true, "normalize_similarity": false}, {"topK": 1803, "alpha": 0.3094963432183135, "implicit": true, "normalize_similarity": false}, {"topK": 1884, "alpha": 0.7109751968478842, "implicit": true, "normalize_similarity": false}, {"topK": 1942, "alpha": 0.6540623127308887, "implicit": true, "normalize_similarity": false}, {"topK": 1162, "alpha": 0.8392449210886256, "implicit": true, "normalize_similarity": false}, {"topK": 619, "alpha": 0.3653956077329364, "implicit": true, "normalize_similarity": false}, {"topK": 515, "alpha": 0.21581594166866364, "implicit": true, "normalize_similarity": false}, {"topK": 1661, "alpha": 0.7887324410694578, "implicit": true, "normalize_similarity": false}, {"topK": 297, "alpha": 0.22873390039187708, "implicit": true, "normalize_similarity": false}, {"topK": 524, "alpha": 0.9966845076391554, "implicit": true, "normalize_similarity": false}, {"topK": 1177, "alpha": 0.8680488124737029, "implicit": true, "normalize_similarity": false}, {"topK": 785, "alpha": 0.1351974397086078, "implicit": true, "normalize_similarity": false}, {"topK": 129, "alpha": 0.2312766850418862, "implicit": true, "normalize_similarity": false}, {"topK": 399, "alpha": 0.7486916132173871, "implicit": true, "normalize_similarity": false}, {"topK": 61, "alpha": 0.0907783765594853, "implicit": true, "normalize_similarity": false}, {"topK": 180, "alpha": 0.13286978395121865, "implicit": true, "normalize_similarity": false}, {"topK": 1260, "alpha": 0.8216050279765982, "implicit": true, "normalize_similarity": false}, {"topK": 770, "alpha": 0.9150389710662867, "implicit": true, "normalize_similarity": false}, {"topK": 136, "alpha": 0.9833762570686867, "implicit": true, "normalize_similarity": false}, {"topK": 1657, "alpha": 0.3416857433627994, "implicit": true, "normalize_similarity": false}, {"topK": 1850, "alpha": 0.8299112542791611, "implicit": true, "normalize_similarity": false}, {"topK": 171, "alpha": 0.6709818926950576, "implicit": true, "normalize_similarity": false}, {"topK": 1220, "alpha": 0.4862043640247392, "implicit": true, "normalize_similarity": false}, {"topK": 1589, "alpha": 0.7152401927928252, "implicit": true, "normalize_similarity": false}, {"topK": 1979, "alpha": 0.6460265296715194, "implicit": true, "normalize_similarity": false}, {"topK": 1248, "alpha": 0.5858208930207054, "implicit": true, "normalize_similarity": false}, {"topK": 1678, "alpha": 0.4367115986255088, "implicit": true, "normalize_similarity": false}, {"topK": 538, "alpha": 0.35201078482814413, "implicit": true, "normalize_similarity": false}, {"topK": 1351, "alpha": 0.8837440967403175, "implicit": true, "normalize_similarity": false}, {"topK": 1201, "alpha": 0.8305838558413841, "implicit": true, "normalize_similarity": false}, {"topK": 1022, "alpha": 0.17824130762877025, "implicit": true, "normalize_similarity": false}, {"topK": 1856, "alpha": 0.17482723756131038, "implicit": true, "normalize_similarity": false}, {"topK": 1914, "alpha": 0.5974612393415274, "implicit": true, "normalize_similarity": false}, {"topK": 1378, "alpha": 0.5137021252482926, "implicit": true, "normalize_similarity": false}, {"topK": 1201, "alpha": 0.48979333826878035, "implicit": true, "normalize_similarity": false}, {"topK": 125, "alpha": 0.6353555361686077, "implicit": true, "normalize_similarity": false}, {"topK": 737, "alpha": 0.7216073008780056, "implicit": true, "normalize_similarity": false}, {"topK": 960, "alpha": 0.8030868487717789, "implicit": true, "normalize_similarity": false}, {"topK": 535, "alpha": 0.21919094254783206, "implicit": true, "normalize_similarity": false}, {"topK": 54, "alpha": 0.49175537215377807, "implicit": true, "normalize_similarity": false}, {"topK": 63, "alpha": 0.2757135102604907, "implicit": true, "normalize_similarity": false}, {"topK": 1750, "alpha": 0.16680977397813038, "implicit": true, "normalize_similarity": false}, {"topK": 345, "alpha": 0.0560877547677472, "implicit": true, "normalize_similarity": false}, {"topK": 1898, "alpha": 0.6516294349957306, "implicit": true, "normalize_similarity": false}, {"topK": 532, "alpha": 0.0014918587783883113, "implicit": true, "normalize_similarity": false}, {"topK": 318, "alpha": 0.586832104084681, "implicit": true, "normalize_similarity": false}, {"topK": 262, "alpha": 0.5496376345530357, "implicit": true, "normalize_similarity": false}, {"topK": 1422, "alpha": 0.5113695900173184, "implicit": true, "normalize_similarity": false}, {"topK": 208, "alpha": 0.8231158621065067, "implicit": true, "normalize_similarity": false}, {"topK": 860, "alpha": 0.5922697155414379, "implicit": true, "normalize_similarity": false}, {"topK": 1036, "alpha": 0.33545309683233765, "implicit": true, "normalize_similarity": false}, {"topK": 1927, "alpha": 0.13518614673454135, "implicit": true, "normalize_similarity": false}, {"topK": 1861, "alpha": 0.464569994629609, "implicit": true, "normalize_similarity": false}, {"topK": 1891, "alpha": 0.1371921616886296, "implicit": true, "normalize_similarity": false}, {"topK": 178, "alpha": 0.6386949773324682, "implicit": true, "normalize_similarity": false}, {"topK": 422, "alpha": 0.18728282087731188, "implicit": true, "normalize_similarity": false}, {"topK": 1184, "alpha": 0.6420958531652633, "implicit": true, "normalize_similarity": false}, {"topK": 429, "alpha": 0.2068828413034925, "implicit": true, "normalize_similarity": false}, {"topK": 1537, "alpha": 0.524846457571694, "implicit": true, "normalize_similarity": false}, {"topK": 515, "alpha": 0.6518065171771855, "implicit": true, "normalize_similarity": false}, {"topK": 1363, "alpha": 0.3544293986288947, "implicit": true, "normalize_similarity": false}, {"topK": 1699, "alpha": 0.1964162122651924, "implicit": true, "normalize_similarity": false}, {"topK": 412, "alpha": 0.16527052729536854, "implicit": true, "normalize_similarity": false}, {"topK": 313, "alpha": 0.8479011543577734, "implicit": true, "normalize_similarity": false}, {"topK": 721, "alpha": 0.3154449344915709, "implicit": true, "normalize_similarity": false}, {"topK": 774, "alpha": 0.6652879118949732, "implicit": true, "normalize_similarity": false}, {"topK": 1901, "alpha": 0.8684380991798101, "implicit": true, "normalize_similarity": false}, {"topK": 1093, "alpha": 0.12255978597800157, "implicit": true, "normalize_similarity": false}, {"topK": 1847, "alpha": 0.4402999293835872, "implicit": true, "normalize_similarity": false}, {"topK": 1491, "alpha": 0.9816000688011004, "implicit": true, "normalize_similarity": false}, {"topK": 1978, "alpha": 0.8833657155914978, "implicit": true, "normalize_similarity": false}, {"topK": 1098, "alpha": 0.4601285922230013, "implicit": true, "normalize_similarity": false}, {"topK": 988, "alpha": 0.46928195994926614, "implicit": true, "normalize_similarity": false}, {"topK": 1862, "alpha": 0.37982737248789056, "implicit": true, "normalize_similarity": false}, {"topK": 1910, "alpha": 0.4285918185262163, "implicit": true, "normalize_similarity": false}, {"topK": 1862, "alpha": 0.02825594011394917, "implicit": true, "normalize_similarity": false}, {"topK": 784, "alpha": 0.7641815081894192, "implicit": true, "normalize_similarity": false}, {"topK": 1111, "alpha": 0.5916901980718828, "implicit": true, "normalize_similarity": false}, {"topK": 1949, "alpha": 0.9293092030571823, "implicit": true, "normalize_similarity": false}, {"topK": 798, "alpha": 0.29052783688491507, "implicit": true, "normalize_similarity": false}, {"topK": 1203, "alpha": 0.038004564770566025, "implicit": true, "normalize_similarity": false}, {"topK": 132, "alpha": 0.7024777792523232, "implicit": true, "normalize_similarity": false}, {"topK": 550, "alpha": 0.9549002246383251, "implicit": true, "normalize_similarity": false}, {"topK": 1334, "alpha": 0.26160031455594307, "implicit": true, "normalize_similarity": false}, {"topK": 1526, "alpha": 0.103890006478803, "implicit": true, "normalize_similarity": false}, {"topK": 755, "alpha": 0.6388715515669654, "implicit": true, "normalize_similarity": false}, {"topK": 1278, "alpha": 0.8642033699721402, "implicit": true, "normalize_similarity": false}, {"topK": 728, "alpha": 0.12823489458669782, "implicit": true, "normalize_similarity": false}, {"topK": 801, "alpha": 0.988606306816448, "implicit": true, "normalize_similarity": false}, {"topK": 153, "alpha": 0.44229038178773794, "implicit": true, "normalize_similarity": false}, {"topK": 218, "alpha": 0.36928947065449574, "implicit": true, "normalize_similarity": false}, {"topK": 620, "alpha": 0.6141759041422262, "implicit": true, "normalize_similarity": false}, {"topK": 493, "alpha": 0.3946400169726336, "implicit": true, "normalize_similarity": false}, {"topK": 1998, "alpha": 0.5157027605589486, "implicit": true, "normalize_similarity": false}, {"topK": 1977, "alpha": 0.9374220171447626, "implicit": true, "normalize_similarity": false}, {"topK": 898, "alpha": 0.523778416641227, "implicit": true, "normalize_similarity": false}, {"topK": 1130, "alpha": 0.5781555235194092, "implicit": true, "normalize_similarity": false}, {"topK": 950, "alpha": 0.5771587946324995, "implicit": true, "normalize_similarity": false}, {"topK": 475, "alpha": 0.3563098473623592, "implicit": true, "normalize_similarity": false}, {"topK": 680, "alpha": 0.19925069178782, "implicit": true, "normalize_similarity": false}, {"topK": 1678, "alpha": 0.058108610410822506, "implicit": true, "normalize_similarity": false}, {"topK": 1939, "alpha": 0.9311469750571231, "implicit": true, "normalize_similarity": false}, {"topK": 501, "alpha": 0.8986675663063448, "implicit": true, "normalize_similarity": false}, {"topK": 792, "alpha": 0.9427407591908396, "implicit": true, "normalize_similarity": false}, {"topK": 665, "alpha": 0.64570361565939, "implicit": true, "normalize_similarity": false}, {"topK": 1548, "alpha": 0.3400811678939472, "implicit": true, "normalize_similarity": false}, {"topK": 591, "alpha": 0.249819095930561, "implicit": true, "normalize_similarity": false}, {"topK": 689, "alpha": 0.7749389154681167, "implicit": true, "normalize_similarity": false}, {"topK": 404, "alpha": 0.1705547743371271, "implicit": true, "normalize_similarity": false}, {"topK": 1749, "alpha": 0.35601037773673233, "implicit": true, "normalize_similarity": false}, {"topK": 1486, "alpha": 0.24969836438808363, "implicit": true, "normalize_similarity": false}, {"topK": 809, "alpha": 0.24670997172860482, "implicit": true, "normalize_similarity": false}, {"topK": 62, "alpha": 0.7303887223863638, "implicit": true, "normalize_similarity": false}, {"topK": 930, "alpha": 0.6462457064320714, "implicit": true, "normalize_similarity": false}, {"topK": 1679, "alpha": 0.7798085933584192, "implicit": true, "normalize_similarity": false}, {"topK": 1092, "alpha": 0.8113125357028197, "implicit": true, "normalize_similarity": false}, {"topK": 188, "alpha": 0.4010101826205139, "implicit": true, "normalize_similarity": false}, {"topK": 1269, "alpha": 0.9406485068031085, "implicit": true, "normalize_similarity": false}, {"topK": 910, "alpha": 0.2310831803276186, "implicit": true, "normalize_similarity": false}, {"topK": 1059, "alpha": 0.9356253871813709, "implicit": true, "normalize_similarity": false}, {"topK": 1027, "alpha": 0.1960451848385209, "implicit": true, "normalize_similarity": false}, {"topK": 178, "alpha": 0.06805892350659017, "implicit": true, "normalize_similarity": false}, {"topK": 1958, "alpha": 0.9158678321166323, "implicit": true, "normalize_similarity": false}, {"topK": 311, "alpha": 0.4527551948148757, "implicit": true, "normalize_similarity": false}, {"topK": 572, "alpha": 0.2836641277682615, "implicit": true, "normalize_similarity": false}, {"topK": 691, "alpha": 0.5021237502020712, "implicit": true, "normalize_similarity": false}, {"topK": 296, "alpha": 0.37376935341936185, "implicit": true, "normalize_similarity": false}, {"topK": 1238, "alpha": 0.7388117426544978, "implicit": true, "normalize_similarity": false}, {"topK": 1590, "alpha": 0.3035492696679339, "implicit": true, "normalize_similarity": false}, {"topK": 1495, "alpha": 0.3058743837405454, "implicit": true, "normalize_similarity": false}, {"topK": 836, "alpha": 0.45522576835599515, "implicit": true, "normalize_similarity": false}, {"topK": 1658, "alpha": 0.35183323713767384, "implicit": true, "normalize_similarity": false}, {"topK": 1492, "alpha": 0.3058975060278281, "implicit": true, "normalize_similarity": false}, {"topK": 1217, "alpha": 0.14230948049032047, "implicit": true, "normalize_similarity": false}, {"topK": 1739, "alpha": 0.5208138303028365, "implicit": true, "normalize_similarity": false}, {"topK": 911, "alpha": 0.458189717456993, "implicit": true, "normalize_similarity": false}, {"topK": 896, "alpha": 0.3578755722250834, "implicit": true, "normalize_similarity": false}, {"topK": 1878, "alpha": 0.9107430075676002, "implicit": true, "normalize_similarity": false}, {"topK": 736, "alpha": 0.957000037790929, "implicit": true, "normalize_similarity": false}, {"topK": 1481, "alpha": 0.2980949463553692, "implicit": true, "normalize_similarity": false}, {"topK": 724, "alpha": 0.13207263498626579, "implicit": true, "normalize_similarity": false}, {"topK": 1345, "alpha": 0.3741381772300661, "implicit": true, "normalize_similarity": false}, {"topK": 1240, "alpha": 0.8832218638496249, "implicit": true, "normalize_similarity": false}, {"topK": 897, "alpha": 0.7231165666765114, "implicit": true, "normalize_similarity": false}, {"topK": 1009, "alpha": 0.7793800240227649, "implicit": true, "normalize_similarity": false}, {"topK": 987, "alpha": 0.7405070088600382, "implicit": true, "normalize_similarity": false}, {"topK": 1680, "alpha": 0.6684176690147908, "implicit": true, "normalize_similarity": false}, {"topK": 472, "alpha": 0.3427147922749472, "implicit": true, "normalize_similarity": false}, {"topK": 451, "alpha": 0.13168597037077293, "implicit": true, "normalize_similarity": false}, {"topK": 115, "alpha": 0.692292944357505, "implicit": true, "normalize_similarity": false}, {"topK": 1768, "alpha": 0.06043822160411284, "implicit": true, "normalize_similarity": false}, {"topK": 498, "alpha": 0.9224298455590256, "implicit": true, "normalize_similarity": false}, {"topK": 114, "alpha": 0.6133213614897455, "implicit": true, "normalize_similarity": false}, {"topK": 1278, "alpha": 0.1262837088847875, "implicit": true, "normalize_similarity": false}, {"topK": 90, "alpha": 0.5878315532531316, "implicit": true, "normalize_similarity": false}, {"topK": 1659, "alpha": 0.9385194894979949, "implicit": true, "normalize_similarity": false}, {"topK": 176, "alpha": 0.11117027300749585, "implicit": true, "normalize_similarity": false}, {"topK": 892, "alpha": 0.3262700215573178, "implicit": true, "normalize_similarity": false}, {"topK": 399, "alpha": 0.10612599766524414, "implicit": true, "normalize_similarity": false}, {"topK": 407, "alpha": 0.8506314606794405, "implicit": true, "normalize_similarity": false}, {"topK": 170, "alpha": 0.974429794897645, "implicit": true, "normalize_similarity": false}, {"topK": 889, "alpha": 0.6294155896532939, "implicit": true, "normalize_similarity": false}, {"topK": 1042, "alpha": 0.17922032883115327, "implicit": true, "normalize_similarity": false}, {"topK": 110, "alpha": 0.7911071767955361, "implicit": true, "normalize_similarity": false}, {"topK": 229, "alpha": 0.14428600827029028, "implicit": true, "normalize_similarity": false}, {"topK": 884, "alpha": 0.003457908250756204, "implicit": true, "normalize_similarity": false}, {"topK": 938, "alpha": 0.6695185925593709, "implicit": true, "normalize_similarity": false}, {"topK": 866, "alpha": 0.5981107644588914, "implicit": true, "normalize_similarity": false}, {"topK": 997, "alpha": 0.26891740275502246, "implicit": true, "normalize_similarity": false}, {"topK": 294, "alpha": 0.8693831460434415, "implicit": true, "normalize_similarity": false}, {"topK": 1694, "alpha": 0.7593772984063434, "implicit": true, "normalize_similarity": false}, {"topK": 1132, "alpha": 0.6039581923899414, "implicit": true, "normalize_similarity": false}, {"topK": 1824, "alpha": 0.8826837752068083, "implicit": true, "normalize_similarity": false}, {"topK": 491, "alpha": 0.7481909930012918, "implicit": true, "normalize_similarity": false}, {"topK": 324, "alpha": 0.36006650430552084, "implicit": true, "normalize_similarity": false}, {"topK": 135, "alpha": 0.08834818987723105, "implicit": true, "normalize_similarity": false}, {"topK": 1151, "alpha": 0.24705344867520002, "implicit": true, "normalize_similarity": false}, {"topK": 1057, "alpha": 0.515208653853273, "implicit": true, "normalize_similarity": false}, {"topK": 1685, "alpha": 0.7696778528369838, "implicit": true, "normalize_similarity": false}, {"topK": 1604, "alpha": 0.5347343291500108, "implicit": true, "normalize_similarity": false}, {"topK": 353, "alpha": 0.5860757103983391, "implicit": true, "normalize_similarity": false}, {"topK": 110, "alpha": 0.7940517997243468, "implicit": true, "normalize_similarity": false}, {"topK": 876, "alpha": 0.731602397546137, "implicit": true, "normalize_similarity": false}, {"topK": 287, "alpha": 0.4543389286367191, "implicit": true, "normalize_similarity": false}, {"topK": 1351, "alpha": 0.6787125449330965, "implicit": true, "normalize_similarity": false}, {"topK": 1365, "alpha": 0.47540746682001067, "implicit": true, "normalize_similarity": false}, {"topK": 1383, "alpha": 0.5875004544684671, "implicit": true, "normalize_similarity": false}, {"topK": 1025, "alpha": 0.215633688140692, "implicit": true, "normalize_similarity": false}, {"topK": 1081, "alpha": 0.08772138746740167, "implicit": true, "normalize_similarity": false}, {"topK": 557, "alpha": 0.5070520520146312, "implicit": true, "normalize_similarity": false}, {"topK": 1991, "alpha": 0.9877805592299963, "implicit": true, "normalize_similarity": false}, {"topK": 1531, "alpha": 0.7418398046775787, "implicit": true, "normalize_similarity": false}, {"topK": 210, "alpha": 0.7515009260446682, "implicit": true, "normalize_similarity": false}, {"topK": 106, "alpha": 0.20838394309230363, "implicit": true, "normalize_similarity": false}, {"topK": 756, "alpha": 0.05664565167080084, "implicit": true, "normalize_similarity": false}, {"topK": 1376, "alpha": 0.16772939343850737, "implicit": true, "normalize_similarity": false}, {"topK": 1521, "alpha": 0.4986138462326808, "implicit": true, "normalize_similarity": false}, {"topK": 814, "alpha": 0.5308656403851486, "implicit": true, "normalize_similarity": false}, {"topK": 251, "alpha": 0.5101343249067147, "implicit": true, "normalize_similarity": false}, {"topK": 751, "alpha": 0.9827797973027399, "implicit": true, "normalize_similarity": false}, {"topK": 405, "alpha": 0.8923287555889343, "implicit": true, "normalize_similarity": false}, {"topK": 499, "alpha": 0.34223420841443414, "implicit": true, "normalize_similarity": false}, {"topK": 1101, "alpha": 0.9099223921784823, "implicit": true, "normalize_similarity": false}, {"topK": 154, "alpha": 0.09240044685768879, "implicit": true, "normalize_similarity": false}, {"topK": 357, "alpha": 0.8561681919910455, "implicit": true, "normalize_similarity": false}, {"topK": 1694, "alpha": 0.17960526933604795, "implicit": true, "normalize_similarity": false}, {"topK": 310, "alpha": 0.6169419483961838, "implicit": true, "normalize_similarity": false}, {"topK": 97, "alpha": 0.22271754291225715, "implicit": true, "normalize_similarity": false}, {"topK": 1285, "alpha": 0.8586878543529899, "implicit": true, "normalize_similarity": false}, {"topK": 88, "alpha": 0.949345703063188, "implicit": true, "normalize_similarity": false}, {"topK": 350, "alpha": 0.7631411099948799, "implicit": true, "normalize_similarity": false}, {"topK": 1432, "alpha": 0.6612082910373415, "implicit": true, "normalize_similarity": false}, {"topK": 904, "alpha": 0.9889797917128705, "implicit": true, "normalize_similarity": false}, {"topK": 201, "alpha": 0.16929334322942416, "implicit": true, "normalize_similarity": false}, {"topK": 1702, "alpha": 0.027594715380105612, "implicit": true, "normalize_similarity": false}, {"topK": 1668, "alpha": 0.10774924325046223, "implicit": true, "normalize_similarity": false}, {"topK": 549, "alpha": 0.33063648763564973, "implicit": true, "normalize_similarity": false}, {"topK": 386, "alpha": 0.21168400257701298, "implicit": true, "normalize_similarity": false}, {"topK": 292, "alpha": 0.49841624153333275, "implicit": true, "normalize_similarity": false}, {"topK": 1698, "alpha": 0.8164801344115176, "implicit": true, "normalize_similarity": false}, {"topK": 1369, "alpha": 0.406025634319368, "implicit": true, "normalize_similarity": false}, {"topK": 1631, "alpha": 0.2892617511824948, "implicit": true, "normalize_similarity": false}, {"topK": 1660, "alpha": 0.8465972540253128, "implicit": true, "normalize_similarity": false}, {"topK": 1786, "alpha": 0.10504028439390803, "implicit": true, "normalize_similarity": false}, {"topK": 1298, "alpha": 0.49774241235593375, "implicit": true, "normalize_similarity": false}, {"topK": 129, "alpha": 0.2923894774564015, "implicit": true, "normalize_similarity": false}, {"topK": 1657, "alpha": 0.7688901691464893, "implicit": true, "normalize_similarity": false}, {"topK": 1512, "alpha": 0.9634205959444988, "implicit": true, "normalize_similarity": false}, {"topK": 1245, "alpha": 0.7024028498418126, "implicit": true, "normalize_similarity": false}, {"topK": 1839, "alpha": 0.4987321990980198, "implicit": true, "normalize_similarity": false}, {"topK": 1700, "alpha": 0.5127123618555305, "implicit": true, "normalize_similarity": false}, {"topK": 1282, "alpha": 0.5731292313455136, "implicit": true, "normalize_similarity": false}, {"topK": 1043, "alpha": 0.8971844334932079, "implicit": true, "normalize_similarity": false}, {"topK": 1918, "alpha": 0.19312596142305233, "implicit": true, "normalize_similarity": false}, {"topK": 1905, "alpha": 0.6455803323432565, "implicit": true, "normalize_similarity": false}, {"topK": 389, "alpha": 0.46738936214583027, "implicit": true, "normalize_similarity": false}, {"topK": 1086, "alpha": 0.5796699444762236, "implicit": true, "normalize_similarity": false}, {"topK": 1201, "alpha": 0.281475753210844, "implicit": true, "normalize_similarity": false}, {"topK": 1173, "alpha": 0.8389931213072506, "implicit": true, "normalize_similarity": false}, {"topK": 492, "alpha": 0.8020313014240062, "implicit": true, "normalize_similarity": false}, {"topK": 247, "alpha": 0.3602206719849525, "implicit": true, "normalize_similarity": false}, {"topK": 1187, "alpha": 0.22694030854206154, "implicit": true, "normalize_similarity": false}, {"topK": 564, "alpha": 0.68797803690234, "implicit": true, "normalize_similarity": false}, {"topK": 498, "alpha": 0.15534064722639176, "implicit": true, "normalize_similarity": false}, {"topK": 617, "alpha": 0.336101081675424, "implicit": true, "normalize_similarity": false}, {"topK": 1863, "alpha": 0.3852206975406013, "implicit": true, "normalize_similarity": false}, {"topK": 1741, "alpha": 0.6995747887189433, "implicit": true, "normalize_similarity": false}, {"topK": 1991, "alpha": 0.5511413898085152, "implicit": true, "normalize_similarity": false}, {"topK": 1121, "alpha": 0.7493936225948234, "implicit": true, "normalize_similarity": false}, {"topK": 1931, "alpha": 0.9112427159602033, "implicit": true, "normalize_similarity": false}, {"topK": 877, "alpha": 0.9225075514235328, "implicit": true, "normalize_similarity": false}, {"topK": 653, "alpha": 0.24062197169035987, "implicit": true, "normalize_similarity": false}, {"topK": 1249, "alpha": 0.5450813133835454, "implicit": true, "normalize_similarity": false}, {"topK": 238, "alpha": 0.5241340764430832, "implicit": true, "normalize_similarity": false}, {"topK": 530, "alpha": 0.24773338816473373, "implicit": true, "normalize_similarity": false}, {"topK": 1529, "alpha": 0.6420315697112937, "implicit": true, "normalize_similarity": false}, {"topK": 1230, "alpha": 0.9904143295001677, "implicit": true, "normalize_similarity": false}, {"topK": 271, "alpha": 0.3066886113035961, "implicit": true, "normalize_similarity": false}, {"topK": 580, "alpha": 0.20469262201372146, "implicit": true, "normalize_similarity": false}, {"topK": 2000, "alpha": 0.6176538723499432, "implicit": true, "normalize_similarity": false}, {"topK": 1980, "alpha": 0.3009345950372761, "implicit": true, "normalize_similarity": false}, {"topK": 1258, "alpha": 0.07295707135327469, "implicit": true, "normalize_similarity": false}, {"topK": 1581, "alpha": 0.5556142669553255, "implicit": true, "normalize_similarity": false}, {"topK": 231, "alpha": 0.7454418035121263, "implicit": true, "normalize_similarity": false}, {"topK": 1601, "alpha": 0.658651739636479, "implicit": true, "normalize_similarity": false}, {"topK": 1983, "alpha": 0.23612394772292317, "implicit": true, "normalize_similarity": false}, {"topK": 1040, "alpha": 0.9202705203204883, "implicit": true, "normalize_similarity": false}, {"topK": 1854, "alpha": 0.670711871459667, "implicit": true, "normalize_similarity": false}, {"topK": 1346, "alpha": 0.9234001728222209, "implicit": true, "normalize_similarity": false}, {"topK": 1598, "alpha": 0.017500137825270937, "implicit": true, "normalize_similarity": false}, {"topK": 1869, "alpha": 0.26632769609737256, "implicit": true, "normalize_similarity": false}, {"topK": 1588, "alpha": 0.2990021582822148, "implicit": true, "normalize_similarity": false}, {"topK": 1444, "alpha": 0.8985689885184065, "implicit": true, "normalize_similarity": false}, {"topK": 410, "alpha": 0.9907717653057599, "implicit": true, "normalize_similarity": false}, {"topK": 1549, "alpha": 0.9294049583726745, "implicit": true, "normalize_similarity": false}, {"topK": 1571, "alpha": 0.3052356183697062, "implicit": true, "normalize_similarity": false}, {"topK": 1380, "alpha": 0.9748216250576063, "implicit": true, "normalize_similarity": false}, {"topK": 1088, "alpha": 0.08150969735610593, "implicit": true, "normalize_similarity": false}, {"topK": 401, "alpha": 0.744697606323571, "implicit": true, "normalize_similarity": false}, {"topK": 1549, "alpha": 0.6863006868042131, "implicit": true, "normalize_similarity": false}, {"topK": 208, "alpha": 0.9784329282900543, "implicit": true, "normalize_similarity": false}, {"topK": 416, "alpha": 0.6819470724402753, "implicit": true, "normalize_similarity": false}, {"topK": 367, "alpha": 0.11609628256750373, "implicit": true, "normalize_similarity": false}, {"topK": 1963, "alpha": 0.36571706869363146, "implicit": true, "normalize_similarity": false}, {"topK": 1593, "alpha": 0.7077700621617617, "implicit": true, "normalize_similarity": false}, {"topK": 322, "alpha": 0.3656446575934866, "implicit": true, "normalize_similarity": false}, {"topK": 838, "alpha": 0.45873677419887926, "implicit": true, "normalize_similarity": false}, {"topK": 1448, "alpha": 0.9908782319540305, "implicit": true, "normalize_similarity": false}, {"topK": 901, "alpha": 0.9283234330339493, "implicit": true, "normalize_similarity": false}, {"topK": 376, "alpha": 0.2896369714909112, "implicit": true, "normalize_similarity": false}, {"topK": 1213, "alpha": 0.14754332260476213, "implicit": true, "normalize_similarity": false}, {"topK": 417, "alpha": 0.4622240568719179, "implicit": true, "normalize_similarity": false}, {"topK": 1448, "alpha": 0.3593834024575035, "implicit": true, "normalize_similarity": false}, {"topK": 203, "alpha": 0.06437892526495927, "implicit": true, "normalize_similarity": false}, {"topK": 854, "alpha": 0.8797407524328605, "implicit": true, "normalize_similarity": false}, {"topK": 1774, "alpha": 0.7084465748300154, "implicit": true, "normalize_similarity": false}, {"topK": 1150, "alpha": 0.27872798124124315, "implicit": true, "normalize_similarity": false}, {"topK": 536, "alpha": 0.2927382527365116, "implicit": true, "normalize_similarity": false}, {"topK": 146, "alpha": 0.21250878664620326, "implicit": true, "normalize_similarity": false}, {"topK": 1902, "alpha": 0.16502673695917028, "implicit": true, "normalize_similarity": false}, {"topK": 1157, "alpha": 0.9341676571656873, "implicit": true, "normalize_similarity": false}, {"topK": 58, "alpha": 0.045725121917135854, "implicit": true, "normalize_similarity": false}, {"topK": 95, "alpha": 0.6865198109223485, "implicit": true, "normalize_similarity": false}, {"topK": 678, "alpha": 0.8561591345801269, "implicit": true, "normalize_similarity": false}, {"topK": 1791, "alpha": 0.052988863468427586, "implicit": true, "normalize_similarity": false}, {"topK": 1587, "alpha": 0.8012675131520207, "implicit": true, "normalize_similarity": false}, {"topK": 1692, "alpha": 0.3694950266546639, "implicit": true, "normalize_similarity": false}, {"topK": 156, "alpha": 0.5180479476365322, "implicit": true, "normalize_similarity": false}, {"topK": 1126, "alpha": 0.22818805497832578, "implicit": true, "normalize_similarity": false}, {"topK": 636, "alpha": 0.18828661950930264, "implicit": true, "normalize_similarity": false}, {"topK": 639, "alpha": 0.19264262736400445, "implicit": true, "normalize_similarity": false}, {"topK": 1782, "alpha": 0.8315131250818059, "implicit": true, "normalize_similarity": false}, {"topK": 343, "alpha": 0.06894346167389089, "implicit": true, "normalize_similarity": false}, {"topK": 789, "alpha": 0.03661496856788705, "implicit": true, "normalize_similarity": false}, {"topK": 760, "alpha": 0.3807924442037566, "implicit": true, "normalize_similarity": false}, {"topK": 1283, "alpha": 0.9866713912595211, "implicit": true, "normalize_similarity": false}, {"topK": 759, "alpha": 0.419869749455676, "implicit": true, "normalize_similarity": false}, {"topK": 1575, "alpha": 0.8211493318290303, "implicit": true, "normalize_similarity": false}, {"topK": 1057, "alpha": 0.12326430022304749, "implicit": true, "normalize_similarity": false}, {"topK": 1831, "alpha": 0.6986858372000904, "implicit": true, "normalize_similarity": false}, {"topK": 182, "alpha": 0.8314979921218493, "implicit": true, "normalize_similarity": false}, {"topK": 1245, "alpha": 0.44070793766034877, "implicit": true, "normalize_similarity": false}, {"topK": 1088, "alpha": 0.6762561228310503, "implicit": true, "normalize_similarity": false}, {"topK": 86, "alpha": 0.43558612576347244, "implicit": true, "normalize_similarity": false}, {"topK": 204, "alpha": 0.08357456444164892, "implicit": true, "normalize_similarity": false}, {"topK": 165, "alpha": 0.0031763962269741883, "implicit": true, "normalize_similarity": false}, {"topK": 511, "alpha": 0.1503136065296529, "implicit": true, "normalize_similarity": false}, {"topK": 1466, "alpha": 0.4795011899597713, "implicit": true, "normalize_similarity": false}, {"topK": 1156, "alpha": 0.3501025272445563, "implicit": true, "normalize_similarity": false}, {"topK": 1370, "alpha": 0.8630650889598601, "implicit": true, "normalize_similarity": false}, {"topK": 1904, "alpha": 0.9190640652071491, "implicit": true, "normalize_similarity": false}, {"topK": 794, "alpha": 0.6476067076064974, "implicit": true, "normalize_similarity": false}, {"topK": 126, "alpha": 0.625419040044782, "implicit": true, "normalize_similarity": false}, {"topK": 1374, "alpha": 0.2720604075678877, "implicit": true, "normalize_similarity": false}, {"topK": 905, "alpha": 0.7538465689089423, "implicit": true, "normalize_similarity": false}, {"topK": 716, "alpha": 0.06669867845899614, "implicit": true, "normalize_similarity": false}, {"topK": 1052, "alpha": 0.1482434834242549, "implicit": true, "normalize_similarity": false}, {"topK": 1955, "alpha": 0.5294643140790685, "implicit": true, "normalize_similarity": false}, {"topK": 496, "alpha": 0.8179519094297634, "implicit": true, "normalize_similarity": false}, {"topK": 1316, "alpha": 0.48462713272039204, "implicit": true, "normalize_similarity": false}, {"topK": 1643, "alpha": 0.3433035862266986, "implicit": true, "normalize_similarity": false}, {"topK": 1187, "alpha": 0.4651349828575374, "implicit": true, "normalize_similarity": false}, {"topK": 1951, "alpha": 0.19733012130540223, "implicit": true, "normalize_similarity": false}, {"topK": 1635, "alpha": 0.45997513528244516, "implicit": true, "normalize_similarity": false}, {"topK": 1558, "alpha": 0.6229407629004349, "implicit": true, "normalize_similarity": false}, {"topK": 1068, "alpha": 0.5645180621699443, "implicit": true, "normalize_similarity": false}, {"topK": 1445, "alpha": 0.9009184621052883, "implicit": true, "normalize_similarity": false}, {"topK": 1039, "alpha": 0.2934497593018403, "implicit": true, "normalize_similarity": false}, {"topK": 1072, "alpha": 0.7728283415549603, "implicit": true, "normalize_similarity": false}, {"topK": 714, "alpha": 0.8634757749264219, "implicit": true, "normalize_similarity": false}, {"topK": 356, "alpha": 0.7069516555765901, "implicit": true, "normalize_similarity": false}, {"topK": 631, "alpha": 0.36906236482103455, "implicit": true, "normalize_similarity": false}, {"topK": 1133, "alpha": 0.10393216969459332, "implicit": true, "normalize_similarity": false}, {"topK": 131, "alpha": 0.43620528894940114, "implicit": true, "normalize_similarity": false}, {"topK": 1753, "alpha": 0.9730870484374184, "implicit": true, "normalize_similarity": false}, {"topK": 195, "alpha": 0.01623878966373882, "implicit": true, "normalize_similarity": false}, {"topK": 819, "alpha": 0.10245889618093854, "implicit": true, "normalize_similarity": false}, {"topK": 1149, "alpha": 0.7822614728705005, "implicit": true, "normalize_similarity": false}, {"topK": 1818, "alpha": 0.9730414569248919, "implicit": true, "normalize_similarity": false}, {"topK": 435, "alpha": 0.8339667982977684, "implicit": true, "normalize_similarity": false}, {"topK": 1961, "alpha": 0.1036138081466367, "implicit": true, "normalize_similarity": false}, {"topK": 176, "alpha": 0.8221407129612428, "implicit": true, "normalize_similarity": false}, {"topK": 1080, "alpha": 0.10243153168148536, "implicit": true, "normalize_similarity": false}, {"topK": 1525, "alpha": 0.7820722750533844, "implicit": true, "normalize_similarity": false}, {"topK": 1075, "alpha": 0.19017976642767448, "implicit": true, "normalize_similarity": false}, {"topK": 1203, "alpha": 0.7146947546518919, "implicit": true, "normalize_similarity": false}, {"topK": 1032, "alpha": 0.8708002204976327, "implicit": true, "normalize_similarity": false}, {"topK": 891, "alpha": 0.307175548377112, "implicit": true, "normalize_similarity": false}, {"topK": 1747, "alpha": 0.05740580320674794, "implicit": true, "normalize_similarity": false}, {"topK": 1753, "alpha": 0.16897919168648315, "implicit": true, "normalize_similarity": false}, {"topK": 1741, "alpha": 0.3252453798199771, "implicit": true, "normalize_similarity": false}, {"topK": 253, "alpha": 0.736983440839916, "implicit": true, "normalize_similarity": false}, {"topK": 226, "alpha": 0.5916638258153516, "implicit": true, "normalize_similarity": false}, {"topK": 1541, "alpha": 0.9060407897552409, "implicit": true, "normalize_similarity": false}, {"topK": 571, "alpha": 0.9736428650319946, "implicit": true, "normalize_similarity": false}, {"topK": 111, "alpha": 0.214546629597905, "implicit": true, "normalize_similarity": false}, {"topK": 94, "alpha": 0.5221390268910843, "implicit": true, "normalize_similarity": false}, {"topK": 818, "alpha": 0.8096022216862209, "implicit": true, "normalize_similarity": false}, {"topK": 1399, "alpha": 0.037782250911200695, "implicit": true, "normalize_similarity": false}, {"topK": 166, "alpha": 0.847275262663056, "implicit": true, "normalize_similarity": false}, {"topK": 257, "alpha": 0.7657361086383448, "implicit": true, "normalize_similarity": false}, {"topK": 795, "alpha": 0.4493241291930017, "implicit": true, "normalize_similarity": false}, {"topK": 672, "alpha": 0.1427001707764364, "implicit": true, "normalize_similarity": false}, {"topK": 1616, "alpha": 0.1429741356714425, "implicit": true, "normalize_similarity": false}, {"topK": 323, "alpha": 0.683037834543864, "implicit": true, "normalize_similarity": false}, {"topK": 1617, "alpha": 0.464208830921668, "implicit": true, "normalize_similarity": false}, {"topK": 1673, "alpha": 0.7452580079000731, "implicit": true, "normalize_similarity": false}, {"topK": 1243, "alpha": 0.581549073855799, "implicit": true, "normalize_similarity": false}, {"topK": 443, "alpha": 0.19411695540266322, "implicit": true, "normalize_similarity": false}, {"topK": 900, "alpha": 0.9593637508376339, "implicit": true, "normalize_similarity": false}, {"topK": 1141, "alpha": 0.08718702715907957, "implicit": true, "normalize_similarity": false}, {"topK": 1827, "alpha": 0.13842665422517234, "implicit": true, "normalize_similarity": false}, {"topK": 118, "alpha": 0.14883024790466184, "implicit": true, "normalize_similarity": false}, {"topK": 1839, "alpha": 0.08843143406018018, "implicit": true, "normalize_similarity": false}, {"topK": 1551, "alpha": 0.9612168606026243, "implicit": true, "normalize_similarity": false}, {"topK": 1363, "alpha": 0.006641470873998691, "implicit": true, "normalize_similarity": false}, {"topK": 1882, "alpha": 0.8181364898490668, "implicit": true, "normalize_similarity": false}, {"topK": 959, "alpha": 0.1677833655747573, "implicit": true, "normalize_similarity": false}, {"topK": 630, "alpha": 0.07038597267553194, "implicit": true, "normalize_similarity": false}, {"topK": 1532, "alpha": 0.0395628680522574, "implicit": true, "normalize_similarity": false}, {"topK": 1121, "alpha": 0.106803262862496, "implicit": true, "normalize_similarity": false}, {"topK": 1911, "alpha": 0.11699255975023884, "implicit": true, "normalize_similarity": false}, {"topK": 807, "alpha": 0.8073604135425932, "implicit": true, "normalize_similarity": false}, {"topK": 1698, "alpha": 0.846860718046385, "implicit": true, "normalize_similarity": false}, {"topK": 849, "alpha": 0.9738520223506903, "implicit": true, "normalize_similarity": false}, {"topK": 423, "alpha": 0.40366527671703323, "implicit": true, "normalize_similarity": false}, {"topK": 920, "alpha": 0.08703540812199408, "implicit": true, "normalize_similarity": false}, {"topK": 1543, "alpha": 0.58672371576592, "implicit": true, "normalize_similarity": false}, {"topK": 423, "alpha": 0.5441924933892608, "implicit": true, "normalize_similarity": false}, {"topK": 1408, "alpha": 0.5116810446360249, "implicit": true, "normalize_similarity": false}, {"topK": 1450, "alpha": 0.40199855997743217, "implicit": true, "normalize_similarity": false}, {"topK": 205, "alpha": 0.3550765649200713, "implicit": true, "normalize_similarity": false}, {"topK": 521, "alpha": 0.029755622441599246, "implicit": true, "normalize_similarity": false}, {"topK": 780, "alpha": 0.595483095251393, "implicit": true, "normalize_similarity": false}, {"topK": 970, "alpha": 0.3497159208284733, "implicit": true, "normalize_similarity": false}, {"topK": 1940, "alpha": 0.8123619505225181, "implicit": true, "normalize_similarity": false}, {"topK": 1312, "alpha": 0.31088301788418543, "implicit": true, "normalize_similarity": false}, {"topK": 863, "alpha": 0.8820475397633041, "implicit": true, "normalize_similarity": false}, {"topK": 966, "alpha": 0.9130329832545723, "implicit": true, "normalize_similarity": false}, {"topK": 1990, "alpha": 0.1841513550889408, "implicit": true, "normalize_similarity": false}, {"topK": 148, "alpha": 0.38890471339617505, "implicit": true, "normalize_similarity": false}, {"topK": 450, "alpha": 0.5385322696950796, "implicit": true, "normalize_similarity": false}, {"topK": 1436, "alpha": 0.6883863275439652, "implicit": true, "normalize_similarity": false}, {"topK": 1555, "alpha": 0.3819441543994254, "implicit": true, "normalize_similarity": false}, {"topK": 781, "alpha": 0.4511628304382208, "implicit": true, "normalize_similarity": false}, {"topK": 380, "alpha": 0.020951214876552274, "implicit": true, "normalize_similarity": false}, {"topK": 1166, "alpha": 0.02887212516085847, "implicit": true, "normalize_similarity": false}, {"topK": 1388, "alpha": 0.7813767019169297, "implicit": true, "normalize_similarity": false}, {"topK": 1976, "alpha": 0.5328667205899961, "implicit": true, "normalize_similarity": false}, {"topK": 551, "alpha": 0.06490482144626965, "implicit": true, "normalize_similarity": false}, {"topK": 416, "alpha": 0.544216174066253, "implicit": true, "normalize_similarity": false}, {"topK": 1009, "alpha": 0.5558858786618607, "implicit": true, "normalize_similarity": false}, {"topK": 1207, "alpha": 0.06293869574439438, "implicit": true, "normalize_similarity": false}, {"topK": 709, "alpha": 0.6465071142692542, "implicit": true, "normalize_similarity": false}, {"topK": 1113, "alpha": 0.4942369957715931, "implicit": true, "normalize_similarity": false}, {"topK": 1840, "alpha": 0.6453094524998817, "implicit": true, "normalize_similarity": false}, {"topK": 1967, "alpha": 0.6783368965319532, "implicit": true, "normalize_similarity": false}, {"topK": 443, "alpha": 0.7284474980359509, "implicit": true, "normalize_similarity": false}, {"topK": 1673, "alpha": 0.8739438526124509, "implicit": true, "normalize_similarity": false}, {"topK": 1101, "alpha": 0.9807342463914396, "implicit": true, "normalize_similarity": false}, {"topK": 150, "alpha": 0.33978918511628836, "implicit": true, "normalize_similarity": false}, {"topK": 1277, "alpha": 0.999085262399348, "implicit": true, "normalize_similarity": false}, {"topK": 803, "alpha": 0.20347231711518793, "implicit": true, "normalize_similarity": false}, {"topK": 536, "alpha": 0.527998927893243, "implicit": true, "normalize_similarity": false}, {"topK": 947, "alpha": 0.13808169738690848, "implicit": true, "normalize_similarity": false}, {"topK": 600, "alpha": 0.500556268643802, "implicit": true, "normalize_similarity": false}, {"topK": 1542, "alpha": 0.7779465437105447, "implicit": true, "normalize_similarity": false}, {"topK": 1017, "alpha": 0.2959873572886191, "implicit": true, "normalize_similarity": false}, {"topK": 1212, "alpha": 0.22316500929363486, "implicit": true, "normalize_similarity": false}, {"topK": 559, "alpha": 0.2371668140444974, "implicit": true, "normalize_similarity": false}, {"topK": 579, "alpha": 0.6510765184456735, "implicit": true, "normalize_similarity": false}, {"topK": 213, "alpha": 0.5677544422553652, "implicit": true, "normalize_similarity": false}, {"topK": 732, "alpha": 0.6997886150860526, "implicit": true, "normalize_similarity": false}, {"topK": 586, "alpha": 0.4701117676891805, "implicit": true, "normalize_similarity": false}, {"topK": 1691, "alpha": 0.32444047691457606, "implicit": true, "normalize_similarity": false}, {"topK": 416, "alpha": 0.7789519134873394, "implicit": true, "normalize_similarity": false}, {"topK": 1327, "alpha": 0.05540169215056702, "implicit": true, "normalize_similarity": false}, {"topK": 252, "alpha": 0.25781322411722657, "implicit": true, "normalize_similarity": false}, {"topK": 1478, "alpha": 0.04988972241018509, "implicit": true, "normalize_similarity": false}, {"topK": 1582, "alpha": 0.3948397730284984, "implicit": true, "normalize_similarity": false}, {"topK": 1746, "alpha": 0.22878259511129823, "implicit": true, "normalize_similarity": false}, {"topK": 267, "alpha": 0.6301371512824875, "implicit": true, "normalize_similarity": false}, {"topK": 179, "alpha": 0.7418396161144944, "implicit": true, "normalize_similarity": false}, {"topK": 229, "alpha": 0.3877581301639884, "implicit": true, "normalize_similarity": false}, {"topK": 104, "alpha": 0.037867224805187456, "implicit": true, "normalize_similarity": false}, {"topK": 463, "alpha": 0.4519465253473295, "implicit": true, "normalize_similarity": false}, {"topK": 235, "alpha": 0.5476043659480213, "implicit": true, "normalize_similarity": false}, {"topK": 1293, "alpha": 0.9191291263697726, "implicit": true, "normalize_similarity": false}, {"topK": 1157, "alpha": 0.8767892732525482, "implicit": true, "normalize_similarity": false}, {"topK": 812, "alpha": 0.1296856081814383, "implicit": true, "normalize_similarity": false}, {"topK": 1957, "alpha": 0.6718302109648955, "implicit": true, "normalize_similarity": false}, {"topK": 325, "alpha": 0.14639409215556634, "implicit": true, "normalize_similarity": false}, {"topK": 1526, "alpha": 0.5514125296104626, "implicit": true, "normalize_similarity": false}, {"topK": 1074, "alpha": 0.10482474475870177, "implicit": true, "normalize_similarity": false}, {"topK": 275, "alpha": 0.7987916831079883, "implicit": true, "normalize_similarity": false}, {"topK": 978, "alpha": 0.03492727384442008, "implicit": true, "normalize_similarity": false}, {"topK": 1956, "alpha": 0.3351690910697805, "implicit": true, "normalize_similarity": false}, {"topK": 1015, "alpha": 0.9969827899110791, "implicit": true, "normalize_similarity": false}, {"topK": 1577, "alpha": 0.2623305469109158, "implicit": true, "normalize_similarity": false}, {"topK": 1655, "alpha": 0.4456518599487649, "implicit": true, "normalize_similarity": false}, {"topK": 846, "alpha": 0.5004554236255074, "implicit": true, "normalize_similarity": false}, {"topK": 1631, "alpha": 0.48264980949656133, "implicit": true, "normalize_similarity": false}, {"topK": 1640, "alpha": 0.21196462201238314, "implicit": true, "normalize_similarity": false}]