[{"num_factors": 1347}, {"num_factors": 1262}, {"num_factors": 501}, {"num_factors": 305}, {"num_factors": 679}, {"num_factors": 2159}, {"num_factors": 2216}, {"num_factors": 1645}, {"num_factors": 1044}, {"num_factors": 74}, {"num_factors": 424}, {"num_factors": 2500}, {"num_factors": 890}, {"num_factors": 1873}, {"num_factors": 1506}, {"num_factors": 1}, {"num_factors": 372}, {"num_factors": 964}, {"num_factors": 164}, {"num_factors": 802}, {"num_factors": 1147}, {"num_factors": 582}, {"num_factors": 1742}, {"num_factors": 2006}, {"num_factors": 2347}, {"num_factors": 1425}, {"num_factors": 1577}, {"num_factors": 743}, {"num_factors": 2081}, {"num_factors": 237}, {"num_factors": 1807}, {"num_factors": 1203}, {"num_factors": 844}, {"num_factors": 1095}, {"num_factors": 2422}, {"num_factors": 926}, {"num_factors": 1939}, {"num_factors": 2282}, {"num_factors": 458}, {"num_factors": 629}, {"num_factors": 1693}, {"num_factors": 117}, {"num_factors": 1305}, {"num_factors": 398}, {"num_factors": 1465}, {"num_factors": 542}, {"num_factors": 345}, {"num_factors": 1001}, {"num_factors": 203}, {"num_factors": 1386}, {"num_factors": 2119}, {"num_factors": 2462}, {"num_factors": 1610}, {"num_factors": 436}, {"num_factors": 265}, {"num_factors": 783}, {"num_factors": 2042}, {"num_factors": 818}, {"num_factors": 870}, {"num_factors": 1542}, {"num_factors": 1840}, {"num_factors": 710}, {"num_factors": 2383}, {"num_factors": 1774}, {"num_factors": 1120}, {"num_factors": 1070}, {"num_factors": 1907}, {"num_factors": 2249}, {"num_factors": 478}, {"num_factors": 361}, {"num_factors": 1232}, {"num_factors": 329}, {"num_factors": 1171}, {"num_factors": 1973}, {"num_factors": 2314}, {"num_factors": 381}, {"num_factors": 653}, {"num_factors": 604}, {"num_factors": 45}, {"num_factors": 2187}, {"num_factors": 1669}, {"num_factors": 1718}, {"num_factors": 1022}, {"num_factors": 946}, {"num_factors": 413}, {"num_factors": 907}, {"num_factors": 141}, {"num_factors": 522}, {"num_factors": 1284}, {"num_factors": 1445}, {"num_factors": 1327}, {"num_factors": 284}, {"num_factors": 1486}, {"num_factors": 1405}, {"num_factors": 981}, {"num_factors": 562}, {"num_factors": 223}, {"num_factors": 250}, {"num_factors": 469}, {"num_factors": 428}, {"num_factors": 762}, {"num_factors": 95}, {"num_factors": 1367}, {"num_factors": 2139}, {"num_factors": 880}, {"num_factors": 808}, {"num_factors": 830}, {"num_factors": 795}, {"num_factors": 184}, {"num_factors": 1560}, {"num_factors": 2061}, {"num_factors": 1627}, {"num_factors": 1524}, {"num_factors": 1823}, {"num_factors": 2442}, {"num_factors": 1890}, {"num_factors": 1187}, {"num_factors": 1956}, {"num_factors": 2100}, {"num_factors": 726}, {"num_factors": 2402}, {"num_factors": 2023}, {"num_factors": 1758}, {"num_factors": 857}, {"num_factors": 1593}, {"num_factors": 27}, {"num_factors": 1247}, {"num_factors": 488}, {"num_factors": 2482}, {"num_factors": 2365}, {"num_factors": 694}, {"num_factors": 2233}, {"num_factors": 1084}, {"num_factors": 1791}, {"num_factors": 1856}, {"num_factors": 2298}, {"num_factors": 1989}, {"num_factors": 1134}, {"num_factors": 1923}, {"num_factors": 1217}, {"num_factors": 426}, {"num_factors": 2265}, {"num_factors": 2331}, {"num_factors": 616}, {"num_factors": 1056}, {"num_factors": 420}, {"num_factors": 60}, {"num_factors": 1705}, {"num_factors": 1107}, {"num_factors": 2201}, {"num_factors": 1158}, {"num_factors": 666}, {"num_factors": 406}, {"num_factors": 2173}, {"num_factors": 593}, {"num_factors": 571}, {"num_factors": 317}, {"num_factors": 1657}, {"num_factors": 129}, {"num_factors": 1316}, {"num_factors": 1730}, {"num_factors": 641}, {"num_factors": 513}, {"num_factors": 552}, {"num_factors": 275}, {"num_factors": 936}, {"num_factors": 1033}, {"num_factors": 1681}, {"num_factors": 1012}, {"num_factors": 532}, {"num_factors": 432}, {"num_factors": 1273}, {"num_factors": 1476}, {"num_factors": 153}, {"num_factors": 1415}, {"num_factors": 448}, {"num_factors": 916}, {"num_factors": 1357}, {"num_factors": 772}, {"num_factors": 972}, {"num_factors": 193}, {"num_factors": 956}, {"num_factors": 990}, {"num_factors": 105}, {"num_factors": 898}, {"num_factors": 1455}, {"num_factors": 338}, {"num_factors": 295}, {"num_factors": 863}, {"num_factors": 851}, {"num_factors": 484}, {"num_factors": 1294}, {"num_factors": 493}, {"num_factors": 1496}, {"num_factors": 213}, {"num_factors": 1377}, {"num_factors": 441}, {"num_factors": 15}, {"num_factors": 1395}, {"num_factors": 2071}, {"num_factors": 2129}, {"num_factors": 1337}, {"num_factors": 84}, {"num_factors": 1533}, {"num_factors": 368}, {"num_factors": 352}, {"num_factors": 1435}, {"num_factors": 875}, {"num_factors": 752}, {"num_factors": 174}, {"num_factors": 885}, {"num_factors": 1636}, {"num_factors": 231}, {"num_factors": 799}, {"num_factors": 790}, {"num_factors": 823}, {"num_factors": 2032}, {"num_factors": 2452}, {"num_factors": 837}, {"num_factors": 2412}, {"num_factors": 258}, {"num_factors": 1569}, {"num_factors": 391}, {"num_factors": 2149}, {"num_factors": 1602}, {"num_factors": 2109}, {"num_factors": 507}, {"num_factors": 1832}, {"num_factors": 1240}, {"num_factors": 1063}, {"num_factors": 1179}, {"num_factors": 474}, {"num_factors": 1783}, {"num_factors": 1881}, {"num_factors": 1964}, {"num_factors": 2491}, {"num_factors": 463}, {"num_factors": 702}, {"num_factors": 2052}, {"num_factors": 2374}, {"num_factors": 734}, {"num_factors": 290}, {"num_factors": 1515}, {"num_factors": 1551}, {"num_factors": 893}, {"num_factors": 2090}, {"num_factors": 902}, {"num_factors": 804}, {"num_factors": 813}, {"num_factors": 1210}, {"num_factors": 1077}, {"num_factors": 1141}, {"num_factors": 243}, {"num_factors": 1997}, {"num_factors": 323}, {"num_factors": 1050}]