[{"topK": 104, "shrink": 504, "similarity": "cosine", "normalize": false, "feature_weighting": "TF-IDF"}, {"topK": 1121, "shrink": 1995, "similarity": "cosine", "normalize": true, "feature_weighting": "TF-IDF"}, {"topK": 362, "shrink": 1384, "similarity": "cosine", "normalize": false, "feature_weighting": "TF-IDF"}, {"topK": 1331, "shrink": 19, "similarity": "cosine", "normalize": true, "feature_weighting": "TF-IDF"}, {"topK": 1648, "shrink": 145, "similarity": "cosine", "normalize": true, "feature_weighting": "TF-IDF"}, {"topK": 985, "shrink": 813, "similarity": "cosine", "normalize": true, "feature_weighting": "TF-IDF"}, {"topK": 1679, "shrink": 546, "similarity": "cosine", "normalize": false, "feature_weighting": "TF-IDF"}, {"topK": 387, "shrink": 753, "similarity": "cosine", "normalize": false, "feature_weighting": "TF-IDF"}, {"topK": 1531, "shrink": 420, "similarity": "cosine", "normalize": true, "feature_weighting": "TF-IDF"}, {"topK": 1345, "shrink": 419, "similarity": "cosine", "normalize": true, "feature_weighting": "TF-IDF"}]